"Species_name","Species","Genus","Family","trait_Leaf_area_mm2","trait_Leaf_N_mgg.1","trait_LMA_gm.2","trait_Max_height_m","trait_Seed_mass_mg","trait_SSD_mgmm.3","trait_LDMC_gg.1"
"Acer pseudoplatanus","Acer pseudoplatanus","Acer","Sapindaceae",8456.57,23.626,72.118,24.463,64.607,0.563,0.225495616695487
"Achillea millefolium","Achillea millefolium","Achillea","Asteraceae",627.23,20.548,72.415,0.313,0.143,0.231,0.1955
"Acinos alpinus","Acinos alpinus","Acinos","Lamiaceae",76.63,16.1,67.864,0.171,1.6,0.265,0.323
"Actaea rubra","Actaea rubra","Actaea","Ranunculaceae",1252.29,18.8,25.219,1,10.685,0.224,0.245
"Aegopodium podagraria","Aegopodium podagraria","Aegopodium","Apiaceae",2761.61,27.494,35.335,0.621,2.224,0.1,0.211449810606061
"Agastache urticifolia","Agastache urticifolia","Agastache","Lamiaceae",1722.16,19.4115,74.2965,1.52,0.375,0.324001848284029,0.208396690307329
"Agoseris aurantiaca","Agoseris aurantiaca","Agoseris","Asteraceae",1020.86,17.17,50.251,0.3,0.935,0.172,0.185126116608892
"Agoseris glauca","Agoseris glauca","Agoseris","Asteraceae",520,17.17,50.251,0.182,1.152,0.172,0.185126116608892
"Agropyron cristatum","Agropyron cristatum","Agropyron","Poaceae",167.75,15.25,111.902,0.429,2.829,0.388,0.434
"Agrostis capillaris","Agrostis capillaris","Agrostis","Poaceae",167.15,22.561,35.547,0.267,0.059,0.239,0.3265
"Agrostis gigantea","Agrostis gigantea","Agrostis","Poaceae",153.45,20.1432727272727,56.677,0.734,0.078,0.216,0.24
"Agrostis mertensii","Agrostis mertensii","Agrostis","Poaceae",55.91,20.1432727272727,44.388,0.107,0.126,0.287,0.32
"Agrostis rupestris","Agrostis rupestris","Agrostis","Poaceae",30.64,16.598,70.847,0.047,0.0728947368421053,0.28,0.313
"Agrostis stolonifera","Agrostis stolonifera","Agrostis","Poaceae",234.16,29.166,31.666,0.365,0.04,0.241,0.3265
"Ajuga pyramidalis","Ajuga pyramidalis","Ajuga","Lamiaceae",753,19.35525,54.772,0.164,1.404,0.219,0.235
"Ajuga reptans","Ajuga reptans","Ajuga","Lamiaceae",334.036,19.723,30.957,0.16,1.386,0.168,0.175
"Alchemilla acutiloba","Alchemilla acutiloba","Alchemilla","Rosaceae",1683.372,23.6595555555556,58.22465,0.65,0.37,0.222857142857143,0.26125
"Alchemilla alpina","Alchemilla alpina","Alchemilla","Rosaceae",312.24,23.6595555555556,70.029,0.102,0.304,0.257,0.308
"Alchemilla conjuncta","Alchemilla conjuncta","Alchemilla","Rosaceae",1683.372,23.6595555555556,58.22465,0.121,0.391357142857143,0.222857142857143,0.26125
"Alchemilla fissa","Alchemilla fissa","Alchemilla","Rosaceae",1683.372,23.6595555555556,46.729,0.161,0.391357142857143,0.222857142857143,0.26125
"Alchemilla monticola","Alchemilla monticola","Alchemilla","Rosaceae",2594.75,25.1,56.051,0.156,0.439,0.163,0.26125
"Alchemilla pentaphyllea","Alchemilla pentaphyllea","Alchemilla","Rosaceae",175.33,37.43,52.657,0.067,0.391357142857143,0.229,0.252
"Alchemilla xanthochlora","Alchemilla xanthochlora","Alchemilla","Rosaceae",5234.06,26.775,48.962,0.279,0.3,0.226,0.249
"Allium carinatum","Allium carinatum","Allium","Amaryllidaceae",1280,22.76,47.505,0.357,1.226,0.1,0.11
"Alopecurus aequalis","Alopecurus aequalis","Alopecurus","Poaceae",341.75,26.8343333333333,40.75,0.206,0.209,0.154,0.17
"Alopecurus magellanicus","Alopecurus magellanicus","Alopecurus","Poaceae",316,26.8343333333333,47.054125,0.372,0.856230769230769,0.239,0.21175
"Alopecurus pratensis","Alopecurus pratensis","Alopecurus","Poaceae",1156.15,23.824,39.355,0.597,0.787,0.432,0.21175
"Amaranthus powellii","Amaranthus powellii","Amaranthus","Amaranthaceae",2222.66333333333,30.544625,53.35575,0.493,0.43,0.1904,0.1804
"Anaphalis margaritacea","Anaphalis margaritacea","Anaphalis","Asteraceae",1465.02,17.764,69.518,0.634,0.045,0.251,0.296
"Androsace adfinis","Androsace adfinis","Androsace","Primulaceae",48.7642857142857,19.49,47.2564444444444,0.036,0.749857142857143,0.1836,0.1674
"Androsace chamaejasme","Androsace chamaejasme","Androsace","Primulaceae",48.7642857142857,19.49,47.2564444444444,0.022,0.59,0.1836,0.1674
"Androsace obtusifolia","Androsace obtusifolia","Androsace","Primulaceae",28.82,19.49,26.819,0.039,0.73,0.202,0.203
"Androsace occidentalis","Androsace occidentalis","Androsace","Primulaceae",48.7642857142857,19.49,47.2564444444444,0.0329411764705882,0.21,0.1836,0.1674
"Androsace septentrionalis","Androsace septentrionalis","Androsace","Primulaceae",17.96,19.49,41.568,0.047,0.162,0.177,0.154
"Anemone cathayensis","Anemone cathayensis","Anemone","Ranunculaceae",971.0375,30.7,56.306,0.268857142857143,2.87276923076923,0.195,0.189
"Anemone narcissiflora","Anemone narcissiflora","Anemone","Ranunculaceae",971.0375,20.391,58.2904285714286,0.222,5.7,0.195,0.189
"Angelica archangelica","Angelica archangelica","Angelica","Apiaceae",3006.4,30.227,53.861,1.214,4.087,0.19,0.18
"Antennaria carpatica","Antennaria carpatica","Antennaria","Asteraceae",19,15.6824,62.765,0.088,0.08,0.253,0.3
"Antennaria dioica","Antennaria dioica","Antennaria","Asteraceae",68.03,14.001,58.229,0.115,0.047,0.24,0.276
"Antennaria microphylla","Antennaria microphylla","Antennaria","Asteraceae",81.3571428571429,15.6824,62.1388333333333,0.3,0.05,0.2445,0.284
"Antennaria racemosa","Antennaria racemosa","Antennaria","Asteraceae",81.3571428571429,15.6824,62.1388333333333,0.189666666666667,0.18,0.2445,0.284
"Antennaria rosea","Antennaria rosea","Antennaria","Asteraceae",81.3571428571429,15.6824,62.1388333333333,0.05,0.065,0.2445,0.284
"Anthoxanthum odoratum","Anthoxanthum odoratum","Anthoxanthum","Poaceae",341.58,19.624,43.628,0.229,0.395,0.2,0.22
"Anthriscus sylvestris","Anthriscus sylvestris","Anthriscus","Apiaceae",720.62,27.966,32.749,0.836,4.119,0.205,0.208
"Anthyllis vulneraria","Anthyllis vulneraria","Anthyllis","Fabaceae",182.18,28.98,65.641,0.133,5.821,0.189,0.204
"Aquilegia caerulea","Aquilegia caerulea","Aquilegia","Ranunculaceae",286.22,29.5534,52.993,0.351,1.045,0.2216,0.2398
"Arabis ciliata","Arabis ciliata","Arabis","Brassicaceae",177.206666666667,27.1333333333333,48.401,0.112,0.28,0.1705,0.142
"Arabis hirsuta","Arabis hirsuta","Arabis","Brassicaceae",177.46,20,42.899,0.372,0.091,0.18,0.16
"Arctous alpina","Arctous alpina","Arctous","Ericaceae",219,16.366,93.161,0.15,2.23,0.536169793966152,0.265145833333333
"Arenaria ciliata","Arenaria ciliata","Arenaria","Caryophyllaceae",3,19.40225,66.581625,0.055,0.139666666666667,0.1846,0.252
"Arenaria kansuensis","Arenaria kansuensis","Arenaria","Caryophyllaceae",13.9566666666667,16.8,130.039,0.0891666666666667,0.139666666666667,0.1846,0.252
"Arenaria serpyllifolia","Arenaria serpyllifolia","Arenaria","Caryophyllaceae",7.33,13.953,50.149,0.102,0.067,0.12,0.252
"Aristida purpurea","Aristida purpurea","Aristida","Poaceae",20,9.88,153.846,0.171,1.059,0.385,0.4928
"Arnica angustifolia","Arnica angustifolia","Arnica","Asteraceae",1292.6625,17.906,50.6313333333333,0.05,1.0395,0.159,0.12
"Arnica cordifolia","Arnica cordifolia","Arnica","Asteraceae",1283.83,17.906,56.006,0.45,1.484,0.159,0.12
"Arnica latifolia","Arnica latifolia","Arnica","Asteraceae",1471.4,17.906,50.6313333333333,0.6,0.975,0.159,0.12
"Arnica montana","Arnica montana","Arnica","Asteraceae",1601.5,17.906,54.336,0.303,1.67,0.159,0.12
"Arrhenatherum elatius","Arrhenatherum elatius","Arrhenatherum","Poaceae",856.74,31.342,36.071,0.798,2.738,0.173,0.333860312096643
"Artemisia tridentata","Artemisia tridentata","Artemisia","Asteraceae",37.72,15.176,126.477,1.807,0.619,0.261333333333333,0.239857142857143
"Asparagus officinalis","Asparagus officinalis","Asparagus","Asparagaceae",13.24,25.39925,96.699,0.783,20.592,0.247,0.275
"Aster alpinus","Aster alpinus","Aster","Asteraceae",164.63,28.4,61.463,0.074,0.513,0.237,0.27
"Aster tataricus","Aster tataricus","Aster","Asteraceae",1222.52666666667,22.149,60.204,0.6116,0.4718,0.236,0.3098
"Astragalus alpinus","Astragalus alpinus","Astragalus","Fabaceae",24.46,46.121,40.564,0.088,2.15,0.172,0.18
"Astragalus australis","Astragalus australis","Astragalus","Fabaceae",181.114117647059,39.0709333333333,71.16548,0.144,3.11,0.2242,0.240666666666667
"Astragalus danicus","Astragalus danicus","Astragalus","Fabaceae",13.55,39.0709333333333,46.115,0.131,1.349,0.214,0.24
"Astragalus frigidus","Astragalus frigidus","Astragalus","Fabaceae",196.13,54.268,43.151,0.203,7.58024786324786,0.172,0.18
"Astragalus trimestris","Astragalus trimestris","Astragalus","Fabaceae",181.114117647059,39.0709333333333,71.16548,0.245679245283019,5.16,0.2242,0.240666666666667
"Astrantia major","Astrantia major","Astrantia","Apiaceae",9997.83,35.35,42.263,0.437,3.167,0.094,0.211449810606061
"Astrantia minor","Astrantia minor","Astrantia","Apiaceae",9997.83,35.35,42.263,0.288,2.9835,0.094,0.211449810606061
"Barbarea vulgaris","Barbarea vulgaris","Barbarea","Brassicaceae",1271.27,63.196,33.793,0.499,0.6,0.179,0.158
"Bartsia alpina","Bartsia alpina","Bartsia","Orobanchaceae",185.88,20.522,60.383,0.157,0.292,0.195,0.19
"Bellis perennis","Bellis perennis","Bellis","Asteraceae",358.55,25.006,33.088,0.053,0.121,0.103,0.185126116608892
"Berberis repens","Berberis repens","Berberis","Berberidaceae",1268.74,16.3465384615385,87.63,0.6,7.415,0.688666666666667,0.214
"Betula nana","Betula nana","Betula","Betulaceae",51.78,22.686,78.983,0.395,0.221,0.58155,0.225495616695487
"Betula pubescens","Betula pubescens","Betula","Betulaceae",1327.98,18.86,71.448,12.589,0.205,0.519,0.225495616695487
"Biscutella laevigata","Biscutella laevigata","Biscutella","Brassicaceae",877.94,30.95,52.657,0.22,4.315,0.158,0.119
"Boechera stricta","Boechera stricta","Boechera","Brassicaceae",10.9,36,62.37,0.675,0.145,0.179056741108354,0.153400432182522
"Botrychium lunaria","Botrychium lunaria","Botrychium","Ophioglossaceae",374.31,32.78,48.625,0.166,0,0.23998221963781,0.225495616695487
"Brachypodium pinnatum","Brachypodium pinnatum","Brachypodium","Poaceae",1241.14,20.754,40.035,0.534,2.701,0.302,0.364
"Briza media","Briza media","Briza","Poaceae",292.35,17.689,46.233,0.36,0.371,0.28,0.26
"Bromus carinatus","Bromus carinatus","Bromus","Poaceae",1716,23.0752857142857,49.2562727272727,1.205,5.908,0.209,0.233
"Bromus erectus","Bromus erectus","Bromus","Poaceae",482.06,16.272,58.252,0.623,3.914,0.353,0.267761904761905
"Bromus hordeaceus","Bromus hordeaceus","Bromus","Poaceae",175.18,25.027,45.608,0.219,2.055,0.235,0.267761904761905
"Bromus inermis","Bromus inermis","Bromus","Poaceae",1111.67,20.285,53.64,0.877,2.887,0.304,0.34
"Bromus tectorum","Bromus tectorum","Bromus","Poaceae",288.69,21.773,38.993,0.367,3.147,0.307,0.267761904761905
"Bupleurum falcatum","Bupleurum falcatum","Bupleurum","Apiaceae",741.16,16.269,53.222,0.542,2.913,0.239,0.273
"Bupleurum ranunculoides","Bupleurum ranunculoides","Bupleurum","Apiaceae",341.83,20.218,100.813,0.238,1.55,0.263,0.318
"Calamagrostis lapponica","Calamagrostis lapponica","Calamagrostis","Poaceae",451.67,12.325,44.474,0.15,0.26805,0.269,0.3
"Calamagrostis rubescens","Calamagrostis rubescens","Calamagrostis","Poaceae",1002.10166666667,17.9773,51.1188,0.91,0.17,0.311428571428571,0.3094
"Calluna vulgaris","Calluna vulgaris","Calluna","Ericaceae",1.4,13.16,84.376,0.447,0.027,0.472,0.265145833333333
"Caltha palustris","Caltha palustris","Caltha","Ranunculaceae",6216.07,34.581,36.243,0.248,1.012,0.163,0.128
"Campanula barbata","Campanula barbata","Campanula","Campanulaceae",272.41,19.017,49.9,0.206,0.05,0.212,0.222
"Campanula rapunculoides","Campanula rapunculoides","Campanula","Campanulaceae",1966.9,26.8774736842105,21.046,0.481,0.134,0.166,0.134
"Campanula rhomboidalis","Campanula rhomboidalis","Campanula","Campanulaceae",987.381428571429,25.9,38.82,0.374,0.1,0.237,0.27
"Campanula rotundifolia","Campanula rotundifolia","Campanula","Campanulaceae",62.67,19.698,44.405,0.227,0.055,0.388,0.202529411764706
"Campanula scheuchzeri","Campanula scheuchzeri","Campanula","Campanulaceae",50.97,34.119,59.816,0.17,0.121,0.219,0.234
"Capsella bursa-pastoris","Capsella bursa-pastoris","Capsella","Brassicaceae",511.7,37.567,35.251,0.185,0.116,0.312,0.127
"Cardamine hirsuta","Cardamine hirsuta","Cardamine","Brassicaceae",322.02,17.86,35.96,0.121,0.108,0.157,0.117
"Cardamine pratensis","Cardamine pratensis","Cardamine","Brassicaceae",507.23,37.9654,48.991,0.293,0.596,0.188,0.177
"Carduus acanthoides","Carduus acanthoides","Carduus","Asteraceae",4651.8,45.26,54.386,0.766,2.199,0.162,0.126
"Carduus crispus","Carduus crispus","Carduus","Asteraceae",5082,27.83,43.606,0.98,1.384,0.164,0.13
"Carduus defloratus","Carduus defloratus","Carduus","Asteraceae",3453,18.43,78.219,0.453,2.49,0.185,0.17
"Carex atrata","Carex atrata","Carex","Cyperaceae",519.29,25.826,54.423,0.22,0.528,0.27,0.301
"Carex atrofusca","Carex atrofusca","Carex","Cyperaceae",116.24,19.37,46.417,0.124,0.49,0.27,0.301
"Carex bigelowii","Carex bigelowii","Carex","Cyperaceae",418.68,20.175,70.683,0.134,0.537,0.333,0.372
"Carex capillaris","Carex capillaris","Carex","Cyperaceae",30.58,19.0735,78.125,0.15,0.592,0.322,0.36
"Carex caryophyllea","Carex caryophyllea","Carex","Cyperaceae",205.87,19.954,48.945,0.13,1.012,0.166,0.319527472527473
"Carex curvula","Carex curvula","Carex","Cyperaceae",77.23,11.879,108.267,0.123,2.079,0.485,0.543
"Carex digitata","Carex digitata","Carex","Cyperaceae",469.46,20,34.772,0.204,1.328,0.279,0.311
"Carex dioica","Carex dioica","Carex","Cyperaceae",26.45,19.0735,80.956,0.145,0.546,0.327,0.365
"Carex echinata","Carex echinata","Carex","Cyperaceae",184.58,19.0735,71.611,0.255,0.759,0.325,0.362
"Carex ferruginea","Carex ferruginea","Carex","Cyperaceae",1158.09631578947,19.0735,67.853,0.433,1.02,0.272,0.303
"Carex flacca","Carex flacca","Carex","Cyperaceae",585.76,16.444,64.261,0.258,0.841,0.205,0.319527472527473
"Carex flava","Carex flava","Carex","Cyperaceae",331,11.295,45.496,0.202,1.024,0.216,0.24
"Carex foetida","Carex foetida","Carex","Cyperaceae",1158.09631578947,19.0735,55.545,0.138,0.45,0.256,0.286
"Carex geyeri","Carex geyeri","Carex","Cyperaceae",1158.09631578947,19.0735,59.0618951048951,0.45,4.95,0.281952380952381,0.319527472527473
"Carex lachenalii","Carex lachenalii","Carex","Cyperaceae",32,19.0735,59.0618951048951,0.144,0.361,0.281952380952381,0.319527472527473
"Carex leporina","Carex leporina","Carex","Cyperaceae",316,19.0735,43.667,0.345,0.562,0.289,0.322
"Carex montana","Carex montana","Carex","Cyperaceae",276.94,16.906,56.959,0.173,0.672,0.294,0.328
"Carex nigra","Carex nigra","Carex","Cyperaceae",466.86,19.654,44.224,0.165,0.74,0.316,0.319527472527473
"Carex norvegica","Carex norvegica","Carex","Cyperaceae",95.05,19.0735,30.297,0.122,0.29,0.334,0.373
"Carex nubigena","Carex nubigena","Carex","Cyperaceae",1158.09631578947,19.0735,59.0618951048951,0.473540650406504,0.19,0.281952380952381,0.319527472527473
"Carex ornithopoda","Carex ornithopoda","Carex","Cyperaceae",607.75,19.0735,44.991,0.069,0.833,0.274,0.306
"Carex pallescens","Carex pallescens","Carex","Cyperaceae",2168.1,16.647,48.338,0.477,1.1,0.304,0.319527472527473
"Carex panicea","Carex panicea","Carex","Cyperaceae",597.03,17.402,50.128,0.275,1.912,0.298,0.319527472527473
"Carex parviflora","Carex parviflora","Carex","Cyperaceae",1158.09631578947,19.0735,59.0618951048951,0.077,1.02,0.281952380952381,0.319527472527473
"Carex phaeocephala","Carex phaeocephala","Carex","Cyperaceae",1158.09631578947,19.0735,59.0618951048951,0.473540650406504,1.46,0.281952380952381,0.319527472527473
"Carex pilulifera","Carex pilulifera","Carex","Cyperaceae",266.34,24.704,43.889,0.185,1.126,0.285,0.319527472527473
"Carex pulicaris","Carex pulicaris","Carex","Cyperaceae",106.07,19.0735,110.395,0.138,1.472,0.312,0.348
"Carex rupestris","Carex rupestris","Carex","Cyperaceae",31.05,15.65,83.403,0.076,1.34332818532819,0.313,0.35
"Carex saxatilis","Carex saxatilis","Carex","Cyperaceae",315.57,28.977,87.451,0.167,0.681,0.295,0.329
"Carex sempervirens","Carex sempervirens","Carex","Cyperaceae",344.32,16.463,78.183,0.206,0.896,0.32,0.319527472527473
"Carex spicata","Carex spicata","Carex","Cyperaceae",322.44,19.0735,53.104,0.352,2.285,0.205,0.228
"Carex sylvatica","Carex sylvatica","Carex","Cyperaceae",677,21.8,38.318,0.451,1.549,0.266,0.297
"Carex vaginata","Carex vaginata","Carex","Cyperaceae",356.18,17.603,46.471,0.516,1.901,0.308,0.344
"Carlina acaulis","Carlina acaulis","Carlina","Asteraceae",3989,18.34,89.488,0.142,3.665,0.185,0.17
"Carum carvi","Carum carvi","Carum","Apiaceae",1254.93,29.027,45.045,0.438,2.191,0.21,0.217
"Centaurea jacea","Centaurea jacea","Centaurea","Asteraceae",787.11,24.674,49.923,0.482,1.41,0.341,0.176684210526316
"Centaurea nigra","Centaurea nigra","Centaurea","Asteraceae",1025.3,24.571,48.3,0.497,2.526,0.2,0.198
"Centaurea phrygia","Centaurea phrygia","Centaurea","Asteraceae",4746.27,23.6638666666667,32.599,0.403,5.21859523809524,0.169,0.14
"Centaurea scabiosa","Centaurea scabiosa","Centaurea","Asteraceae",4984.86,22.3,55.228,0.684,6.299,0.195,0.19
"Centaurea uniflora","Centaurea uniflora","Centaurea","Asteraceae",1714.68833333333,24.5,61.843,0.251,3.6,0.312,0.176684210526316
"Cerastium alpinum","Cerastium alpinum","Cerastium","Caryophyllaceae",40.72,22.1659230769231,36.83,0.124,0.274,0.201,0.2
"Cerastium arvense","Cerastium arvense","Cerastium","Caryophyllaceae",26.65,29.158,50.696,0.084,0.183,0.213,0.158384615384615
"Cerastium cerastoides","Cerastium cerastoides","Cerastium","Caryophyllaceae",13.54,34.74,39.395,0.053,0.152,0.2,0.2
"Cerastium fontanum","Cerastium fontanum","Cerastium","Caryophyllaceae",109.55,19.622,35.97,0.167,0.104,0.204,0.158384615384615
"Chaerophyllum hirsutum","Chaerophyllum hirsutum","Chaerophyllum","Apiaceae",19416.6,25.932,48.199,0.591,4.759,0.234,0.26
"Chaerophyllum villarsii","Chaerophyllum villarsii","Chaerophyllum","Apiaceae",12269.5625,32.7326,49.2924,0.528,4.54735714285714,0.207,0.26
"Chamorchis alpina","Chamorchis alpina","Chamorchis","Orchidaceae",2528.55376297814,21.9912801282051,55.7929914797009,0.07,31.792885078219,0.118016501650165,0.1248335
"Chenopodium album","Chenopodium album","Chenopodium","Amaranthaceae",644.62,35.849,49.124,0.561,0.592,0.189,0.178
"Chenopodium fremontii","Chenopodium fremontii","Chenopodium","Amaranthaceae",630,32.04,48.309,0.54,0.373,0.304,0.149888888888889
"Chenopodium leptophyllum","Chenopodium leptophyllum","Chenopodium","Amaranthaceae",699.826818181818,36.0016153846154,75.1835416666667,0.7,0.465,0.1873,0.149888888888889
"Cichorium intybus","Cichorium intybus","Cichorium","Asteraceae",1864.16,26.61,53.071,0.672,1.17,0.187,0.173
"Cirsium acaule","Cirsium acaule","Cirsium","Asteraceae",2119.95,15,81.481,0.093,3.225,0.182,0.165
"Cirsium arvense","Cirsium arvense","Cirsium","Asteraceae",5570.16,24.722,41.83,0.653,1.66,0.072,0.139923076923077
"Cirsium oleraceum","Cirsium oleraceum","Cirsium","Asteraceae",3107.25,37.14,35.268,0.882,2.609,0.169,0.14
"Cirsium palustre","Cirsium palustre","Cirsium","Asteraceae",3355.24,17.249,52.5,0.802,2.073,0.09,0.139923076923077
"Cirsium vulgare","Cirsium vulgare","Cirsium","Asteraceae",6798.49,17.26,70.623,0.922,2.64,0.165,0.131
"Claytonia lanceolata","Claytonia lanceolata","Claytonia","Montiaceae",76.72,25.3381176470588,26.49275,0.20675,1.11,0.129666666666667,0.0646666666666667
"Clinopodium alpinum","Clinopodium alpinum","Clinopodium","Lamiaceae",122.228333333333,16.28,59.277,0.13,0.448454545454545,0.296142857142857,0.235
"Clinopodium vulgare","Clinopodium vulgare","Clinopodium","Lamiaceae",343.27,16.097,36.991,0.357,0.35,0.238,0.235
"Colchicum autumnale","Colchicum autumnale","Colchicum","Colchicaceae",5411.05,22.972,45.641,0.179,5.974,0.118,0.13
"Collomia grandiflora","Collomia grandiflora","Collomia","Polemoniaceae",72.79,19.7296451612903,82.5244892473118,0.406,3.447,0.223903225806452,0.171935483870968
"Collomia linearis","Collomia linearis","Collomia","Polemoniaceae",72.79,19.7296451612903,82.5244892473118,0.179,1.066,0.223903225806452,0.171935483870968
"Comastoma tenellum","Comastoma tenellum","Comastoma","Gentianaceae",2731.35091869919,21.2695110294118,60.8496392676768,0.038,0.457394821390826,0.243301041666667,0.201206666666667
"Conium maculatum","Conium maculatum","Conium","Apiaceae",7195.55,46.28,34.031,1.222,2.585,0.203,0.204
"Convolvulus arvensis","Convolvulus arvensis","Convolvulus","Convolvulaceae",670.88,33.674,37.085,0.299,13.376,0.192,0.208
"Corydalis pallida","Corydalis pallida","Corydalis","Papaveraceae",1973.954,28.022,27.935,0.3,1.04,0.178333333333333,0.158
"Crepis aurea","Crepis aurea","Crepis","Asteraceae",1717.83066666667,23.9976,42.2125882352941,0.072,0.49,0.170714285714286,0.1534
"Crepis biennis","Crepis biennis","Crepis","Asteraceae",6059.66,25.5,32.97,0.659,1.072,0.16,0.123
"Crepis conyzifolia","Crepis conyzifolia","Crepis","Asteraceae",1717.83066666667,23.847,45.363,0.257,2.795,0.222,0.24
"Crepis paludosa","Crepis paludosa","Crepis","Asteraceae",2260,26.252,26.676,0.555,0.585,0.169,0.14
"Crepis pyrenaica","Crepis pyrenaica","Crepis","Asteraceae",3049.25,26.3,33.215,0.401,2.493,0.243,0.1534
"Crocus vernus","Crocus vernus","Crocus","Iridaceae",328.57,35.765,60.277,0.088,8,0.241,0.269
"Cryptogramma crispa","Cryptogramma crispa","Cryptogramma","Pteridaceae",7,15.3272307692308,49.064,0.215,0,0.23998221963781,0.225495616695487
"Cuscuta epithymum","Cuscuta epithymum","Cuscuta","Convolvulaceae",4351.8861298717,28.4591346153846,63.9988783783784,0.446,0.35,0.300204198473282,0.208
"Cynodon dactylon","Cynodon dactylon","Cynodon","Poaceae",85.27,28.789,38.287,0.181,0.172,0.237,0.333860312096643
"Cynoglossum officinale","Cynoglossum officinale","Cynoglossum","Boraginaceae",2227.34,12.864,47.069,0.474,28.966,0.169,0.139
"Cynosurus cristatus","Cynosurus cristatus","Cynosurus","Poaceae",346.37,21.671,40.828,0.422,0.516,0.223,0.248
"Cystopteris fragilis","Cystopteris fragilis","Cystopteris","Cystopteridaceae",1970,30.897,31.671,0.242,0,0.23998221963781,0.225495616695487
"Dactylis glomerata","Dactylis glomerata","Dactylis","Poaceae",1457.46,20.996,44.327,0.691,0.808,0.251,0.333860312096643
"Dactylorhiza viridis","Dactylorhiza viridis","Dactylorhiza","Orchidaceae",443.98,33.84,47.122,0.153,0.01,0.137,0.151
"Danthonia decumbens","Danthonia decumbens","Danthonia","Poaceae",417.23,16.872,61.586,0.221,1.036,0.262,0.434
"Daphne striata","Daphne striata","Daphne","Thymelaeaceae",26.05,23.334,63.205,0.197,35,0.541377828054299,0.225495616695487
"Dasiphora fruticosa","Dasiphora fruticosa","Dasiphora","Rosaceae",152.07,22.823,78.018,0.694,0.191,0.484213348424476,0.274019742310889
"Daucus carota","Daucus carota","Daucus","Apiaceae",1056.88,23.188,53.553,0.418,1.062,0.148,0.211449810606061
"Delphinium caeruleum","Delphinium caeruleum","Delphinium","Ranunculaceae",1032.4925,24.63,84.746,0.688266666666667,2.31741666666667,0.267,0.326
"Delphinium nuttallianum","Delphinium nuttallianum","Delphinium","Ranunculaceae",381.97,28.36,81.992,0.688266666666667,0.403,0.267,0.326
"Delphinium occidentale","Delphinium occidentale","Delphinium","Ranunculaceae",1032.4925,28.36,66.5715714285714,0.688266666666667,1.966,0.267,0.326
"Deschampsia cespitosa","Deschampsia cespitosa","Deschampsia","Poaceae",498.52,18.138,68.975,0.616,0.233,0.268,0.3
"Dianthus deltoides","Dianthus deltoides","Dianthus","Caryophyllaceae",21.85,21.80075,56.141,0.234,0.194,0.258,0.31
"Dianthus superbus","Dianthus superbus","Dianthus","Caryophyllaceae",343.13,21.80075,44.601,0.417,0.302,0.192,0.184
"Draba aizoides","Draba aizoides","Draba","Brassicaceae",10.52,22.0316666666667,58.365,0.043,0.208,0.24,0.275
"Draba nemorosa","Draba nemorosa","Draba","Brassicaceae",118.548888888889,22.0316666666667,95.5957142857143,0.108,0.023,0.2168,0.19625
"Dryas octopetala","Dryas octopetala","Dryas","Rosaceae",266.76,14.641,76.417,0.07,0.52,0.484213348424476,0.274019742310889
"Drymaria molluginea","Drymaria molluginea","Drymaria","Caryophyllaceae",4,10.76,147.059,0.02,0.32,0.154,0.11
"Echium vulgare","Echium vulgare","Echium","Boraginaceae",4523,23.6,67.138,0.511,2.851,0.169,0.14
"Ellisia nyctelea","Ellisia nyctelea","Ellisia","Boraginaceae",5507.77649669967,28.17,22.553,3.43628664592103,5.34,0.288302775730779,0.144946119356834
"Elsholtzia ciliata","Elsholtzia ciliata","Elsholtzia","Lamiaceae",3158.5644899938,30.6,59.2493590175403,0.38,0.215,0.324001848284029,0.208396690307329
"Elymus caninus","Elymus caninus","Elymus","Poaceae",1140.7,38,35.993,0.847,3.684,0.275,0.307
"Elymus elymoides","Elymus elymoides","Elymus","Poaceae",360,16.768,71.942,0.323,3.273,0.324,0.380666666666667
"Elymus glaucus","Elymus glaucus","Elymus","Poaceae",195.85,21.7169230769231,100.806,1,3.859,0.3255,0.380666666666667
"Elymus nutans","Elymus nutans","Elymus","Poaceae",586,21.696,48.752,0.771733333333333,3.81990476190476,0.3255,0.380666666666667
"Elymus repens","Elymus repens","Elymus","Poaceae",980.81,26.453,47.325,0.572,2.363,0.271,0.380666666666667
"Empetrum nigrum","Empetrum nigrum","Empetrum","Ericaceae",4.8,11.412,124.797,0.213,0.98,0.536169793966152,0.265145833333333
"Epilobium anagallidifolium","Epilobium anagallidifolium","Epilobium","Onagraceae",23.71,23.7965454545455,42.921,0.058,0.057,0.245,0.284
"Epilobium angustifolium","Epilobium angustifolium","Epilobium","Onagraceae",2207.76,28.668,56.708,0.832,0.066,0.255,0.304
"Epilobium ciliatum","Epilobium ciliatum","Epilobium","Onagraceae",726.27,23.7965454545455,29.583,0.778,0.069,0.178,0.157
"Epilobium obscurum","Epilobium obscurum","Epilobium","Onagraceae",1161,23.7965454545455,32.575,0.68,0.065,0.164,0.13
"Equisetum arvense","Equisetum arvense","Equisetum","Equisetaceae",112.82,20.038,72.615,0.349,0,0.2,0.225495616695487
"Equisetum palustre","Equisetum palustre","Equisetum","Equisetaceae",65.3,29.202,102.087,0.331,0,0.2,0.225495616695487
"Equisetum pratense","Equisetum pratense","Equisetum","Equisetaceae",133.938333333333,19.02175,116.724428571429,0.263,0,0.2,0.225495616695487
"Erigeron annuus","Erigeron annuus","Erigeron","Asteraceae",771.09,13.808,41.819,0.747,0.032,0.236,0.268
"Erigeron canadensis","Erigeron canadensis","Erigeron","Asteraceae",290.83,26.578,52.834,0.374,0.051,0.217,0.231
"Erigeron divergens","Erigeron divergens","Erigeron","Asteraceae",65,19.27,56.18,0.13,0.035,0.345,0.218
"Erigeron formosissimus","Erigeron formosissimus","Erigeron","Asteraceae",180,16.44,66.225,0.11,0.174,0.241,0.218
"Erigeron neglectus","Erigeron neglectus","Erigeron","Asteraceae",487.0116,21.8628333333333,50.7951904761905,0.101,0.270230769230769,0.233857142857143,0.218
"Erigeron speciosus","Erigeron speciosus","Erigeron","Asteraceae",359.55,21.43,40.78,0.33,0.179,0.211,0.22
"Erigeron sumatrensis","Erigeron sumatrensis","Erigeron","Asteraceae",370.73,21.8628333333333,50.7951904761905,0.65,0.03,0.233857142857143,0.218
"Erigeron uniflorus","Erigeron uniflorus","Erigeron","Asteraceae",92.31,33.05,44.616,0.053,0.18,0.192,0.183
"Erythronium grandiflorum","Erythronium grandiflorum","Erythronium","Liliaceae",2135.49,37.418,56.095,0.3,4.06,0.126,0.138
"Euphorbia cyparissias","Euphorbia cyparissias","Euphorbia","Euphorbiaceae",52.3,24.2,36.4,0.193,2.16,0.336,0.266428571428571
"Euphorbia maculata","Euphorbia maculata","Euphorbia","Euphorbiaceae",24.47,28.859,35.586,0.108,0.172,0.193,0.186
"Euphrasia frigida","Euphrasia frigida","Euphrasia","Orobanchaceae",31.63,53.767,44.766,0.035,0.269,0.347,0.48
"Euphrasia hirtella","Euphrasia hirtella","Euphrasia","Orobanchaceae",75,40.94275,46.9026666666667,0.154,0.164055555555556,0.228777777777778,0.253444444444444
"Euphrasia minima","Euphrasia minima","Euphrasia","Orobanchaceae",33.66,26.86,43.912,0.1,0.18,0.186,0.172
"Euphrasia officinalis","Euphrasia officinalis","Euphrasia","Orobanchaceae",101.45,40.94275,58.41,0.127,0.132,0.222,0.24
"Euphrasia pectinata","Euphrasia pectinata","Euphrasia","Orobanchaceae",42.894,40.94275,46.9026666666667,0.152,0.164055555555556,0.228777777777778,0.253444444444444
"Euphrasia salisburgensis","Euphrasia salisburgensis","Euphrasia","Orobanchaceae",32,40.94275,46.9026666666667,0.077,0.164055555555556,0.228777777777778,0.253444444444444
"Euphrasia stricta","Euphrasia stricta","Euphrasia","Orobanchaceae",25.19,40.94275,50.917,0.163,0.128,0.211,0.219
"Eurybia integrifolia","Eurybia integrifolia","Eurybia","Asteraceae",1034.16,18.733,53.357,0.91,0.51,0.260622943768837,0.447
"Fallopia convolvulus","Fallopia convolvulus","Fallopia","Polygonaceae",619.98,17.395,30.898,0.66,3.972,0.19,0.179
"Fargesia spathacea","Fargesia spathacea","Fargesia","Poaceae",1309.99222096889,17.6774739184002,79.5134552918065,5,3.22384844340583,0.304359958590127,0.333860312096643
"Festuca alpina","Festuca alpina","Festuca","Poaceae",233.6425,15.3074583333333,101.867939393939,0.058,0.948291666666667,0.346857142857143,0.376133333333333
"Festuca halleri","Festuca halleri","Festuca","Poaceae",22.2,12.767,101.87,0.117,1.24,0.367,0.41
"Festuca laevigata","Festuca laevigata","Festuca","Poaceae",233.6425,11.979,119.237,0.254,1.3,0.36,0.403
"Festuca nigrescens","Festuca nigrescens","Festuca","Poaceae",106.68,14.21,63.884,0.332,0.911,0.382,0.376133333333333
"Festuca ovina","Festuca ovina","Festuca","Poaceae",46.17,15.3,75.93,0.249,0.438,0.432,0.376133333333333
"Festuca quadriflora","Festuca quadriflora","Festuca","Poaceae",233.6425,15.3074583333333,101.867939393939,0.107,0.8,0.346857142857143,0.376133333333333
"Festuca rubra","Festuca rubra","Festuca","Poaceae",305.76,16.178,74.988,0.357,0.826,0.276,0.376133333333333
"Festuca thurberi","Festuca thurberi","Festuca","Poaceae",233.6425,15.3074583333333,154.176,0.6,0.6,0.346857142857143,0.376133333333333
"Festuca violacea","Festuca violacea","Festuca","Poaceae",233.6425,15.3074583333333,128.205,0.304,1.2,0.343,0.383
"Festuca vivipara","Festuca vivipara","Festuca","Poaceae",41.25,15.3074583333333,90.417,0.127,0.948291666666667,0.329,0.367
"Filipendula ulmaria","Filipendula ulmaria","Filipendula","Rosaceae",1723.47,28.393,41.81,0.807,0.745,0.267,0.327
"Fragaria orientalis","Fragaria orientalis","Fragaria","Rosaceae",700,18.124,23.403,0.135571428571429,0.443166666666667,0.258333333333333,0.3205
"Fragaria vesca","Fragaria vesca","Fragaria","Rosaceae",1112.11,18.419,45.257,0.114,0.323,0.26,0.3205
"Fragaria virginiana","Fragaria virginiana","Fragaria","Rosaceae",1285.81,14.746,61.385,0.107,0.477,0.343,0.471
"Frasera speciosa","Frasera speciosa","Frasera","Gentianaceae",14099.87,21.2695110294118,75.311,0.125,4.74,0.243301041666667,0.201206666666667
"Gagea serotina","Gagea serotina","Gagea","Liliaceae",173.01,22.6,123.137,0.082,0.51,0.136,0.15
"Galeopsis tetrahit","Galeopsis tetrahit","Galeopsis","Lamiaceae",856.55,30.85,31.695,0.366,4.275,0.161,0.124
"Galium album","Galium album","Galium","Rubiaceae",26.48,23.3736470588235,37.123,0.583,0.87,0.199,0.196
"Galium anisophyllon","Galium anisophyllon","Galium","Rubiaceae",65.3748,23.3736470588235,35.5099666666667,0.108,0.48,0.206173913043478,0.191444444444444
"Galium aparine","Galium aparine","Galium","Rubiaceae",159.05,25.666,25.912,0.39,7.752,0.169,0.139
"Galium bifolium","Galium bifolium","Galium","Rubiaceae",65.3748,23.3736470588235,35.5099666666667,0.310828125,0.772,0.206173913043478,0.191444444444444
"Galium boreale","Galium boreale","Galium","Rubiaceae",81.52,19.596,43.962,0.387,0.705,0.305,0.191444444444444
"Galium coloradoense","Galium coloradoense","Galium","Rubiaceae",65.3748,23.3736470588235,35.5099666666667,0.2,2.07188524590164,0.206173913043478,0.191444444444444
"Galium mollugo","Galium mollugo","Galium","Rubiaceae",178.02,28.795,33.24,0.335,0.629,0.186,0.191444444444444
"Galium pumilum","Galium pumilum","Galium","Rubiaceae",17.37,23.3736470588235,35.562,0.261,0.418,0.2,0.198
"Galium saxatile","Galium saxatile","Galium","Rubiaceae",32,25.1,40.762,0.129,0.587,0.192,0.183
"Galium triflorum","Galium triflorum","Galium","Rubiaceae",65.3748,19.051,28,0.310828125,0.732,0.206173913043478,0.191444444444444
"Galium uliginosum","Galium uliginosum","Galium","Rubiaceae",47.83,17.26,32.43,0.27,0.093,0.23,0.191444444444444
"Galium verum","Galium verum","Galium","Rubiaceae",23.31,20.477,53.441,0.335,0.478,0.355,0.191444444444444
"Genista sagittalis","Genista sagittalis","Genista","Fabaceae",49.4366666666667,27.5804,38.79,0.189,2.488,0.302,0.24
"Gentiana acaulis","Gentiana acaulis","Gentiana","Gentianaceae",297.8,13.745,76.351,0.062,0.422,0.235,0.265
"Gentiana alpina","Gentiana alpina","Gentiana","Gentianaceae",1621.733,21.3251176470588,73.7682272727273,0.047,0.2,0.212625,0.225133333333333
"Gentiana brachyphylla","Gentiana brachyphylla","Gentiana","Gentianaceae",16.58,18.453,66.297,0.03,0.205,0.228,0.251
"Gentiana clusii","Gentiana clusii","Gentiana","Gentianaceae",692.48,12.193,99.039,0.058,0.44,0.214,0.225
"Gentiana lawrencei","Gentiana lawrencei","Gentiana","Gentianaceae",1621.733,28.17,78.864,0.18858064516129,0.205,0.212625,0.225133333333333
"Gentiana lutea","Gentiana lutea","Gentiana","Gentianaceae",21682.23,23.4,72.053,0.758,1.184,0.196,0.225133333333333
"Gentiana nivalis","Gentiana nivalis","Gentiana","Gentianaceae",9.95,21.3251176470588,24.304,0.064,0.017,0.169,0.14
"Gentiana parryi","Gentiana parryi","Gentiana","Gentianaceae",169.6,21.3251176470588,73.7682272727273,0.18858064516129,0.11,0.212625,0.225133333333333
"Gentiana prostrata","Gentiana prostrata","Gentiana","Gentianaceae",1621.733,21.3251176470588,73.7682272727273,0.036,0.08,0.212625,0.225133333333333
"Gentiana punctata","Gentiana punctata","Gentiana","Gentianaceae",3224.08,9.644,48.861,0.354,0.648,0.185,0.171
"Gentiana purpurea","Gentiana purpurea","Gentiana","Gentianaceae",2481.14,32.195,61.331,0.398,0.48,0.216,0.229
"Gentiana scabra","Gentiana scabra","Gentiana","Gentianaceae",1621.733,21.3251176470588,73.7682272727273,0.18858064516129,0.04,0.212625,0.225133333333333
"Gentiana straminea","Gentiana straminea","Gentiana","Gentianaceae",1621.733,26.125,95.691,0.18858064516129,0.205,0.212625,0.225133333333333
"Gentiana verna","Gentiana verna","Gentiana","Gentianaceae",111.14,15.903,65.153,0.058,0.068,0.216,0.23
"Gentianella amarella","Gentianella amarella","Gentianella","Gentianaceae",3497,21.11,43.062,0.167,0.145,0.206,0.21
"Gentianella campestris","Gentianella campestris","Gentianella","Gentianaceae",32,21.83,26.362,0.127,0.187,0.144,0.185625
"Gentianella germanica","Gentianella germanica","Gentianella","Gentianaceae",108.15,21.06675,58.906,0.153,0.169,0.19,0.179
"Geranium nepalense","Geranium nepalense","Geranium","Geraniaceae",2808.18482758621,23.0419375,45.3383913043478,0.405717948717949,3.28,0.209444444444444,0.2090625
"Geranium pratense","Geranium pratense","Geranium","Geraniaceae",8435.28,31.973,48.959,0.417,7.921,0.215,0.228
"Geranium pyrenaicum","Geranium pyrenaicum","Geranium","Geraniaceae",4880,23.0419375,35.057,0.402,1.542,0.201,0.2
"Geranium richardsonii","Geranium richardsonii","Geranium","Geraniaceae",5104.47,31.235,49.659,0.416,4.256,0.164,0.2090625
"Geranium rotundifolium","Geranium rotundifolium","Geranium","Geraniaceae",997.4,20.1,25.876,0.19,1.833,0.216,0.23
"Geranium sylvaticum","Geranium sylvaticum","Geranium","Geraniaceae",1705.79,25.185,42.274,0.284,5.908,0.218,0.234
"Geranium viscosissimum","Geranium viscosissimum","Geranium","Geraniaceae",2505.36,23.0419375,69.562,0.91,8.49,0.209444444444444,0.2090625
"Geum aleppicum","Geum aleppicum","Geum","Rosaceae",2002.5675,20.3645,64.1771111111111,0.4,1.269,0.238833333333333,0.272666666666667
"Geum montanum","Geum montanum","Geum","Rosaceae",628.3,23.401,78.363,0.134,1.74,0.24,0.275
"Geum rivale","Geum rivale","Geum","Rosaceae",6729.58,27.593,46.54,0.466,1.006,0.233,0.262
"Geum triflorum","Geum triflorum","Geum","Rosaceae",828.8,14.198,86.125,0.45,0.629,0.238833333333333,0.272666666666667
"Geum urbanum","Geum urbanum","Geum","Rosaceae",3523.42,14.667,34.104,0.443,1.494,0.28,0.351
"Glechoma hederacea","Glechoma hederacea","Glechoma","Lamiaceae",492.81,32.076,28.375,0.195,0.604,0.148,0.208396690307329
"Gnaphalium supinum","Gnaphalium supinum","Gnaphalium","Asteraceae",35.05,22.46,37.037,0.045,0.079,0.19,0.18
"Goodyera oblongifolia","Goodyera oblongifolia","Goodyera","Orchidaceae",75,21.9912801282051,55.7929914797009,0.2765,0.001,0.118016501650165,0.1248335
"Gymnadenia conopsea","Gymnadenia conopsea","Gymnadenia","Orchidaceae",1263.02,28.85,55.638,0.375,0.006,0.125,0.137
"Gymnadenia nigra","Gymnadenia nigra","Gymnadenia","Orchidaceae",202.28,28.85,50.82,0.104,0.006,0.146,0.161
"Gymnocarpium dryopteris","Gymnocarpium dryopteris","Gymnocarpium","Cystopteridaceae",4084.08,20.876,19.889,0.205,0,0.23998221963781,0.225495616695487
"Hackelia micrantha","Hackelia micrantha","Hackelia","Boraginaceae",5507.77649669967,25.09,40.327,0.333333333333333,2.608,0.288302775730779,0.144946119356834
"Halenia corniculata","Halenia corniculata","Halenia","Gentianaceae",2731.35091869919,16.8,88.028,1.0465151807049,0.66,0.243301041666667,0.201206666666667
"Hedysarum hedysaroides","Hedysarum hedysaroides","Hedysarum","Fabaceae",387.275,35.24375,40.511,0.206,4.609,0.2,0.22
"Helianthella quinquenervis","Helianthella quinquenervis","Helianthella","Asteraceae",1730,24.98,58.824,0.37,7.949,0.226,0.185126116608892
"Helianthella uniflora","Helianthella uniflora","Helianthella","Asteraceae",1730,24.98,58.824,0.6,6.606,0.226,0.185126116608892
"Helianthemum nummularium","Helianthemum nummularium","Helianthemum","Cistaceae",80.5,23.042,65.656,0.109,0.968,0.238,0.229
"Helianthemum oelandicum","Helianthemum oelandicum","Helianthemum","Cistaceae",15.28,22.072,88.989,0.094,0.538,0.255,0.304
"Helianthus petiolaris","Helianthus petiolaris","Helianthus","Asteraceae",5230.40571428571,20.3253333333333,90.011375,1.2,3.512,0.2154,0.259
"Helictotrichon parlatorei","Helictotrichon parlatorei","Helictotrichon","Poaceae",495.662,16.3974,76.5855,0.585,1.413,0.2945,0.348
"Helictotrichon pubescens","Helictotrichon pubescens","Helictotrichon","Poaceae",822.12,19.812,50.436,0.555,1.639,0.257,0.348
"Helictotrichon sedenense","Helictotrichon sedenense","Helictotrichon","Poaceae",264.16,20.44,55.036,0.213,1.413,0.2945,0.348
"Helictotrichon tibeticum","Helictotrichon tibeticum","Helictotrichon","Poaceae",495.662,13.8,76.5855,0.465555555555556,1.413,0.2945,0.348
"Helictotrichon versicolor","Helictotrichon versicolor","Helictotrichon","Poaceae",237.95,17.255,87.36,0.185,1.6,0.332,0.348
"Heliomeris multiflora","Heliomeris multiflora","Heliomeris","Asteraceae",250,26.41,63.291,0.358,0.486,0.335,0.185126116608892
"Hemiphragma heterophyllum","Hemiphragma heterophyllum","Hemiphragma","Plantaginaceae",863.321784303534,20.3321055245768,72.0846798990004,0.372885310251704,0.06,0.206623721881391,0.194151982091982
"Heracleum sphondylium","Heracleum sphondylium","Heracleum","Apiaceae",13130.08,35.137,48.996,0.998,6.569,0.227,0.17
"Heterotheca pumila","Heterotheca pumila","Heterotheca","Asteraceae",245.35,21.6366666666667,76.93,0.64,0.3,0.446,0.185126116608892
"Hieracium alpinum","Hieracium alpinum","Hieracium","Asteraceae",298.88,22.2752857142857,43.503,0.104,0.91,0.183,0.167
"Hieracium froelichianum","Hieracium froelichianum","Hieracium","Asteraceae",393.75,28.422,46.225,0.154,0.83,0.18125,0.149863636363636
"Hieracium hoppeanum","Hieracium hoppeanum","Hieracium","Asteraceae",1804.68740740741,22.2752857142857,45.0056206896552,0.082,0.628720588235294,0.18125,0.149863636363636
"Hieracium lachenalii","Hieracium lachenalii","Hieracium","Asteraceae",1804.68740740741,22.2752857142857,45.0056206896552,0.473,0.628720588235294,0.18125,0.149863636363636
"Hieracium murorum","Hieracium murorum","Hieracium","Asteraceae",4067.41,22.2752857142857,25.987,0.307,0.4,0.159,0.12
"Hieracium piliferum","Hieracium piliferum","Hieracium","Asteraceae",1804.68740740741,22.2752857142857,45.0056206896552,0.053,0.628720588235294,0.18125,0.149863636363636
"Hieracium racemosum","Hieracium racemosum","Hieracium","Asteraceae",1926.53,32.257,29.51,0.233,0.31,0.178,0.157
"Hieracium umbellatum","Hieracium umbellatum","Hieracium","Asteraceae",737.05,23.294,48.903,0.456,0.388,0.325,0.149863636363636
"Hippocrepis comosa","Hippocrepis comosa","Hippocrepis","Fabaceae",113.776666666667,32.683,64.279,0.155,3.421,0.203,0.231
"Holcus lanatus","Holcus lanatus","Holcus","Poaceae",650.81,22.231,32.161,0.336,0.323,0.203,0.333860312096643
"Homogyne alpina","Homogyne alpina","Homogyne","Asteraceae",721.75,23.02,60.096,0.105,0.63,0.159,0.12
"Hornungia alpina","Hornungia alpina","Hornungia","Brassicaceae",14,33.7082184375,72.464,0.056,0.099,0.169,0.14
"Humulus scandens","Humulus scandens","Humulus","Cannabaceae",6506.85,30.4770080128205,42.456,3.104,12.38,0.247,0.288
"Huperzia selago","Huperzia selago","Huperzia","Lycopodiaceae",5.89,11.275,73.652,0.118,0,0.23998221963781,0.225495616695487
"Hydrophyllum capitatum","Hydrophyllum capitatum","Hydrophyllum","Boraginaceae",524.42,24.507,58.86,0.3,3.31,0.159,0.12
"Hymenoxys hoopesii","Hymenoxys hoopesii","Hymenoxys","Asteraceae",1382.83,15.97,54.158,0.62,1.096,0.196,0.19
"Hypericum hirsutum","Hypericum hirsutum","Hypericum","Hypericaceae",453.86,21.5536666666667,31.774,0.614,0.088,0.237,0.27
"Hypericum maculatum","Hypericum maculatum","Hypericum","Hypericaceae",731,27.852,38.67,0.408,0.054,0.263,0.318
"Hypericum perforatum","Hypericum perforatum","Hypericum","Hypericaceae",127.63,22.3,40.265,0.457,0.1,0.244,0.284
"Hypericum richeri","Hypericum richeri","Hypericum","Hypericaceae",27.56,20.92,69.981,0.071,0.204268656716418,0.294846153846154,0.269916666666667
"Hypericum wightianum","Hypericum wightianum","Hypericum","Hypericaceae",308.7185,21.5536666666667,52.768,0.25,0.02,0.294846153846154,0.269916666666667
"Hypochaeris maculata","Hypochaeris maculata","Hypochaeris","Asteraceae",2032.14,19.587,50.549,0.349,1.474,0.167,0.135
"Hypochaeris radicata","Hypochaeris radicata","Hypochaeris","Asteraceae",993.64,16.074,36.077,0.228,0.757,0.143,0.09
"Iliamna rivularis","Iliamna rivularis","Iliamna","Malvaceae",8327.83990708273,23.2897429033189,80.5128966895896,1.82,3.316,0.451591463155121,0.211760273972603
"Jacobaea incana","Jacobaea incana","Jacobaea","Asteraceae",171.73,20.4,87.215,0.082,1.107,0.212,0.221
"Jacobaea vulgaris","Jacobaea vulgaris","Jacobaea","Asteraceae",4456.62,20.082,38.348,0.543,0.195,0.29,0.164333333333333
"Juncus alpinoarticulatus","Juncus alpinoarticulatus","Juncus","Juncaceae",51.49,17.2594,70.621,0.476,0.018,0.207,0.23
"Juncus prismatocarpus","Juncus prismatocarpus","Juncus","Juncaceae",478.6275,17.2594,122.356714285714,0.49558064516129,0.01,0.239173913043478,0.2743
"Juncus setchuensis","Juncus setchuensis","Juncus","Juncaceae",478.6275,17.2594,122.356714285714,0.49558064516129,0.02,0.239173913043478,0.2743
"Juniperus communis","Juniperus communis","Juniperus","Cupressaceae",20.68,11.445,113.24,3.041,11.709,0.562,0.225495616695487
"Knautia arvensis","Knautia arvensis","Knautia","Caprifoliaceae",2463.48,26.42,50.806,0.441,3.76,0.181,0.163
"Knautia dipsacifolia","Knautia dipsacifolia","Knautia","Caprifoliaceae",3091.7,17.08,59.52,0.508,5.13,0.188,0.1615
"Lactuca serriola","Lactuca serriola","Lactuca","Asteraceae",739.5,30.264,71.419,0.97,0.437,0.187,0.174
"Lancea tibetica","Lancea tibetica","Lancea","Mazaceae",1627.75901731022,23.8683397033147,58.8006574857551,0.07,0.055,0.23998221963781,0.225495616695487
"Lappula squarrosa","Lappula squarrosa","Lappula","Boraginaceae",693,35.2,32.884,0.428,1.8,0.159,0.12
"Lapsana communis","Lapsana communis","Lapsana","Asteraceae",4939.85,39.258,18.995,0.555,0.858,0.159,0.12
"Larix decidua","Larix decidua","Larix","Pinaceae",19.65,19.851,104.331,34.893,6.487,0.529,0.225495616695487
"Laserpitium halleri","Laserpitium halleri","Laserpitium","Apiaceae",25141.45,22.35,77.459,0.65,6.3635,0.253,0.3
"Laserpitium latifolium","Laserpitium latifolium","Laserpitium","Apiaceae",20097.5,26.068,72.861,0.797,7.803,0.267,0.269
"Lathyrus lanszwertii","Lathyrus lanszwertii","Lathyrus","Fabaceae",240.94,38.87325,52.288,1.50205714285714,39.647,0.199583333333333,0.1999
"Lathyrus pratensis","Lathyrus pratensis","Lathyrus","Fabaceae",615.86,36.094,39.196,0.365,11.546,0.253,0.1999
"Leontodon hispidus","Leontodon hispidus","Leontodon","Asteraceae",1629.48,22.875,39.376,0.219,1.035,0.193,0.173333333333333
"Leucanthemopsis alpina","Leucanthemopsis alpina","Leucanthemopsis","Asteraceae",35.44,23.6,65.958,0.053,0.37,0.188,0.175
"Leucanthemum adustum","Leucanthemum adustum","Leucanthemum","Asteraceae",543.486,24.235,48.792,0.516,0.249,0.1685,0.13825
"Leucanthemum ircutianum","Leucanthemum ircutianum","Leucanthemum","Asteraceae",436.32,17.46,39.162,0.375,0.6,0.169,0.14
"Leucanthemum vulgare","Leucanthemum vulgare","Leucanthemum","Asteraceae",428.43,21.989,68.02,0.365,0.421,0.185,0.169
"Ligularia sagitta","Ligularia sagitta","Ligularia","Asteraceae",5751.485,25.94,67.701,0.760849056178615,1.856,0.211,0.22
"Ligularia virgaurea","Ligularia virgaurea","Ligularia","Asteraceae",5751.485,20.018,95.911,0.760849056178615,1.856,0.211,0.22
"Ligusticum porteri","Ligusticum porteri","Ligusticum","Apiaceae",401.14,24.3950351232394,53.715,0.6012,4.737,0.211010178571429,0.211449810606061
"Lilium martagon","Lilium martagon","Lilium","Liliaceae",3363.28,37.6,38.54,0.583,5.822,0.118,0.13
"Linaria vulgaris","Linaria vulgaris","Linaria","Plantaginaceae",157.58,17.094,37.241,0.497,0.155,0.195,0.189
"Linum alpinum","Linum alpinum","Linum","Linaceae",30.1494117647059,25.5507,61.6281052631579,0.218,1.251625,0.225583333333333,0.2413
"Linum catharticum","Linum catharticum","Linum","Linaceae",13.1,17.929,34.465,0.128,0.146,0.288,0.2413
"Linum lewisii","Linum lewisii","Linum","Linaceae",13,28.35,86.207,0.508,1.818,0.222,0.24
"Lithophragma glabrum","Lithophragma glabrum","Lithophragma","Saxifragaceae",780.992212566845,16.8993219315895,65.4886227106227,0.229364395604396,0.02,0.19373951048951,0.186564685314685
"Lolium multiflorum","Lolium multiflorum","Lolium","Poaceae",606,22.199,39.965,0.409,2.633,0.217,0.185
"Lolium perenne","Lolium perenne","Lolium","Poaceae",468.92,27.045,39.518,0.271,1.863,0.188,0.185
"Lotus alpinus","Lotus alpinus","Lotus","Fabaceae",467.917142857143,43.646,39.61,0.049,1.308,0.218,0.246
"Lotus corniculatus","Lotus corniculatus","Lotus","Fabaceae",128.72,33.123,44.055,0.242,1.321,0.279,0.18475
"Lupinus argenteus","Lupinus argenteus","Lupinus","Fabaceae",494.935,46.28,62.893,0.419,3.408,0.297,0.13125
"Luzula alpina","Luzula alpina","Luzula","Juncaceae",405.091428571429,19.5916,55.8955263157895,0.164,0.465444444444444,0.233083333333333,0.2615
"Luzula alpinopilosa","Luzula alpinopilosa","Luzula","Juncaceae",384.35,29.8,58.996,0.182,0.225,0.162,0.179
"Luzula campestris","Luzula campestris","Luzula","Juncaceae",210.69,26.628,40.898,0.134,0.621,0.206,0.2615
"Luzula lutea","Luzula lutea","Luzula","Juncaceae",309.29,23.901,71.174,0.164,0.465444444444444,0.3,0.329
"Luzula multiflora","Luzula multiflora","Luzula","Juncaceae",203.67,24.342,41.711,0.188,0.589,0.235,0.2615
"Luzula nivea","Luzula nivea","Luzula","Juncaceae",588.87,24.856,40.205,0.616,0.48,0.232,0.258
"Luzula pediformis","Luzula pediformis","Luzula","Juncaceae",247.42,20.22,42.9,0.162,0.465444444444444,0.233083333333333,0.2615
"Luzula pilosa","Luzula pilosa","Luzula","Juncaceae",669.48,18.949,38.413,0.266,1.034,0.203,0.226
"Luzula spicata","Luzula spicata","Luzula","Juncaceae",34.85,22.59,103.973,0.146,0.291,0.268,0.299
"Luzula sudetica","Luzula sudetica","Luzula","Juncaceae",243.2,32.109,31.394,0.165,0.3,0.168,0.186
"Luzula sylvatica","Luzula sylvatica","Luzula","Juncaceae",405.091428571429,18.735,52.536,0.464,0.722,0.245,0.272
"Luzula wahlenbergii","Luzula wahlenbergii","Luzula","Juncaceae",405.091428571429,19.5916,55.8955263157895,0.263333333333333,0.36,0.233083333333333,0.2615
"Lysimachia europaea","Lysimachia europaea","Lysimachia","Primulaceae",176.49,20.371,26.358,0.097,0.619,0.226,0.249
"Lysimachia maritima","Lysimachia maritima","Lysimachia","Primulaceae",39.57,21.208,58.283,0.117,0.389,0.182,0.165
"Lysimachia nemorum","Lysimachia nemorum","Lysimachia","Primulaceae",238.29,20.724,33.811,0.214,0.356,0.197,0.193
"Malaxis monophyllos","Malaxis monophyllos","Malaxis","Orchidaceae",2528.55376297814,21.9912801282051,55.7929914797009,0.103,31.792885078219,0.118016501650165,0.1248335
"Matricaria chamomilla","Matricaria chamomilla","Matricaria","Asteraceae",354.98,22.3964876098431,24.402,0.279,0.05,0.165,0.132
"Medicago falcata","Medicago falcata","Medicago","Fabaceae",120.495714285714,33,47.9375555555556,0.351,1.588,0.2095,0.2335
"Medicago lupulina","Medicago lupulina","Medicago","Fabaceae",247.91,33.143,34.575,0.238,1.443,0.22,0.2335
"Medicago ruthenica","Medicago ruthenica","Medicago","Fabaceae",120.495714285714,32.775,65.336,0.849,2.25,0.2095,0.2335
"Medicago sativa","Medicago sativa","Medicago","Fabaceae",103.57,39.665,50.862,0.659,2.27,0.218,0.246
"Melampyrum pratense","Melampyrum pratense","Melampyrum","Orobanchaceae",240,24.822,38.834,0.223,5.637,0.195,0.19
"Melampyrum sylvaticum","Melampyrum sylvaticum","Melampyrum","Orobanchaceae",248.29,25.105,32.677,0.214,6.288,0.38,0.17
"Melica spectabilis","Melica spectabilis","Melica","Poaceae",465.81,24.9905,63.6953333333333,0.76,0.81,0.33175,0.35
"Meum athamanticum","Meum athamanticum","Meum","Apiaceae",6233.72945113935,21.648,75.873,0.299,7.938,0.234,0.263
"Microsteris gracilis","Microsteris gracilis","Microsteris","Polemoniaceae",236.598421052632,19.7296451612903,82.5244892473118,0.410585271317829,1.069,0.223903225806452,0.171935483870968
"Milium effusum","Milium effusum","Milium","Poaceae",1621.09,23.087,29.204,0.843,0.813,0.213,0.236
"Minuartia biflora","Minuartia biflora","Minuartia","Caryophyllaceae",6.61,23.89625,61.982,0.056,0.241526315789474,0.2394,0.2738
"Minuartia sedoides","Minuartia sedoides","Minuartia","Caryophyllaceae",8.35,23.89625,80.105,0.058,0.264,0.244,0.283
"Minuartia verna","Minuartia verna","Minuartia","Caryophyllaceae",4.86,18.1,48.528,0.083,0.075,0.22,0.236
"Muhlenbergia minutissima","Muhlenbergia minutissima","Muhlenbergia","Poaceae",31,20.75,42.194,0.06,0.09,0.207,0.23
"Muhlenbergia montana","Muhlenbergia montana","Muhlenbergia","Poaceae",160,11.8,129.87,0.414,0.264,0.447,0.5
"Myosotis alpestris","Myosotis alpestris","Myosotis","Boraginaceae",209.92,22,58.038,0.082,0.692,0.19,0.18
"Myosotis decumbens","Myosotis decumbens","Myosotis","Boraginaceae",273.141666666667,20.0796666666667,36.1652307692308,0.249,0.300333333333333,0.167666666666667,0.148363636363636
"Myosotis scorpioides","Myosotis scorpioides","Myosotis","Boraginaceae",692.33,21.8,25.152,0.299,0.389,0.168,0.137
"Myosotis sylvatica","Myosotis sylvatica","Myosotis","Boraginaceae",373.01,29.55,35.361,0.201,0.588,0.17,0.142
"Nama dichotoma","Nama dichotoma","Nama","Boraginaceae",26,43.88,32.258,0.09,0.05,0.164,0.13
"Nardus stricta","Nardus stricta","Nardus","Poaceae",82.82,15.782,90.472,0.196,0.306,0.299,0.333860312096643
"Neottia ovata","Neottia ovata","Neottia","Orchidaceae",3366.72,21.9912801282051,39.183,0.359,1.163,0.103,0.113
"Omalotheca norvegica","Omalotheca norvegica","Omalotheca","Asteraceae",312.89,22.3964876098431,48.622,0.104,0.09,0.211,0.219
"Omalotheca supina","Omalotheca supina","Omalotheca","Asteraceae",15.93,22.3964876098431,42.241,0.034,0.076,0.227,0.251
"Onobrychis montana","Onobrychis montana","Onobrychis","Fabaceae",120,27.387,91.734,0.172,11.691,0.307,0.253333333333333
"Orchis mascula","Orchis mascula","Orchis","Orchidaceae",1960.25,20.44,54.289,0.253,0.0015,0.106,0.117
"Ornithogalum umbellatum","Ornithogalum umbellatum","Ornithogalum","Asparagaceae",725,42.6625,75.758,0.195,4.00076923076923,0.074,0.08
"Orobanche fasciculata","Orobanche fasciculata","Orobanche","Orobanchaceae",235.565468307529,26.6253272278708,58.3626900584795,0.302965517241379,0.004,0.264932574593865,0.228382134959058
"Orthilia secunda","Orthilia secunda","Orthilia","Ericaceae",269.01,17.333,60.51,0.11,0.001,0.267,0.326
"Osmorhiza berteroi","Osmorhiza berteroi","Osmorhiza","Apiaceae",210.16,16.1,37.188,0.79,5.88,0.211010178571429,0.211449810606061
"Osmorhiza chilensis","Osmorhiza chilensis","Osmorhiza","Apiaceae",75,16.1,37.188,0.7,7.434,0.211010178571429,0.211449810606061
"Oxalis acetosella","Oxalis acetosella","Oxalis","Oxalidaceae",145.99,26.985,16.211,0.091,1.021,0.098,0.146
"Oxalis corniculata","Oxalis corniculata","Oxalis","Oxalidaceae",89.35,31.9246,36.155,0.12,0.226,0.169,0.14
"Oxyria digyna","Oxyria digyna","Oxyria","Polygonaceae",375.01,43.678,41.79,0.1,0.636,0.143,0.09
"Oxytropis campestris","Oxytropis campestris","Oxytropis","Fabaceae",249.428333333333,37.994,81.95,0.245,2.149,0.274,0.27
"Oxytropis deflexa","Oxytropis deflexa","Oxytropis","Fabaceae",249.428333333333,37.994,74.4099166666667,0.161454545454545,0.87,0.274,0.27
"Oxytropis densa","Oxytropis densa","Oxytropis","Fabaceae",249.428333333333,45.47,74.4099166666667,0.161454545454545,2.35153333333333,0.274,0.27
"Oxytropis lambertii","Oxytropis lambertii","Oxytropis","Fabaceae",98.57,28.512,98.039,0.251,1.986,0.314,0.27
"Oxytropis lapponica","Oxytropis lapponica","Oxytropis","Fabaceae",249.428333333333,37.994,74.4099166666667,0.091,2.35153333333333,0.274,0.27
"Oxytropis ochrocephala","Oxytropis ochrocephala","Oxytropis","Fabaceae",249.428333333333,41.877,55.897,0.161454545454545,2.35153333333333,0.274,0.27
"Papaver rhoeas","Papaver rhoeas","Papaver","Papaveraceae",4984.92,37.315,31.209,0.452,0.134,0.169,0.14
"Paradisea liliastrum","Paradisea liliastrum","Paradisea","Asparagaceae",26378.0127860697,28.94,51.948,0.38,27.3224114349017,0.206520289855072,0.204585714285714
"Parnassia palustris","Parnassia palustris","Parnassia","Celastraceae",274.35,16.751,43.309,0.11,0.035,0.29,0.225495616695487
"Pedicularis comosa","Pedicularis comosa","Pedicularis","Orobanchaceae",799.95,24.81,64.893,0.327,1.19,0.227,0.25
"Pedicularis resupinata","Pedicularis resupinata","Pedicularis","Orobanchaceae",432.588181818182,25.8529473684211,68.595125,0.4,0.96,0.206818181818182,0.211727272727273
"Pedicularis verticillata","Pedicularis verticillata","Pedicularis","Orobanchaceae",432.588181818182,25.8529473684211,68.595125,0.13,1.194,0.206818181818182,0.211727272727273
"Persicaria maculosa","Persicaria maculosa","Persicaria","Polygonaceae",1429.26,11.988,45.969,0.396,2.044,0.228,0.252
"Persicaria vivipara","Persicaria vivipara","Persicaria","Polygonaceae",260.08,30.949,63.624,0.126,2.146,0.211,0.22
"Petasites frigidus","Petasites frigidus","Petasites","Asteraceae",73659.4333333333,24.406,56.808,0.125,0.797,0.179666666666667,0.159666666666667
"Phleum alpinum","Phleum alpinum","Phleum","Poaceae",463.49,18.988,58.715,0.178,0.359,0.327,0.359
"Phleum pratense","Phleum pratense","Phleum","Poaceae",582.05,19.043,44.571,0.609,0.397,0.28,0.3275
"Phyllodoce caerulea","Phyllodoce caerulea","Phyllodoce","Ericaceae",8.09,10.997,103.141,0.115,0.018,0.536169793966152,0.265145833333333
"Phyteuma betonicifolium","Phyteuma betonicifolium","Phyteuma","Campanulaceae",1157.91,39.35,28.389,0.247,0.038,0.158,0.119
"Phyteuma hemisphaericum","Phyteuma hemisphaericum","Phyteuma","Campanulaceae",46.81,27.402,61.561,0.098,0.1,0.218,0.233
"Phyteuma orbiculare","Phyteuma orbiculare","Phyteuma","Campanulaceae",316,28.52,31.379,0.323,0.187,0.19,0.179
"Phyteuma scheuchzeri","Phyteuma scheuchzeri","Phyteuma","Campanulaceae",710.97,18.918,53.148,0.211,0.04,0.198,0.195
"Picea abies","Picea abies","Picea","Pinaceae",31.72,12.358,225.178,40.688,6.443,0.424,0.225495616695487
"Picris hieracioides","Picris hieracioides","Picris","Asteraceae",1433.71,26.876,35.739,0.452,1.067,0.157,0.185126116608892
"Pilosella aurantiaca","Pilosella aurantiaca","Pilosella","Asteraceae",995.13,16.9832,35.176,0.313,0.136,0.186,0.171
"Pilosella glacialis","Pilosella glacialis","Pilosella","Asteraceae",939.898888888889,16.9832,45.0851111111111,0.095,0.285,0.180222222222222,0.17
"Pilosella lactucella","Pilosella lactucella","Pilosella","Asteraceae",273.32,17.37,36.491,0.163,0.1,0.165,0.133
"Pilosella officinarum","Pilosella officinarum","Pilosella","Asteraceae",331.39,16.845,56.682,0.111,0.128,0.142,0.17
"Pilosella piloselloides","Pilosella piloselloides","Pilosella","Asteraceae",554.3,12.758,37.448,0.249,0.72,0.201,0.2
"Pimpinella major","Pimpinella major","Pimpinella","Apiaceae",8294.89,24.585,49.175,0.62,2.04,0.195,0.15
"Pimpinella saxifraga","Pimpinella saxifraga","Pimpinella","Apiaceae",1067.36,24.231,57.852,0.326,1.151,0.217,0.15
"Pinguicula vulgaris","Pinguicula vulgaris","Pinguicula","Lentibulariaceae",177.31,17.283,24.154,0.058,0.018,0.134,0.074
"Pinus sylvestris","Pinus sylvestris","Pinus","Pinaceae",71.55,12.868,209.676,25.868,7.426,0.541,0.225495616695487
"Plantago alpina","Plantago alpina","Plantago","Plantaginaceae",42.7,34.01,50.711,0.072,0.58,0.20175,0.189214285714286
"Plantago asiatica","Plantago asiatica","Plantago","Plantaginaceae",1456.28,34.518,90.459,0.2,0.592,0.24,0.275
"Plantago atrata","Plantago atrata","Plantago","Plantaginaceae",934.29,18.242,83.355,0.109,2.936,0.211,0.22
"Plantago lanceolata","Plantago lanceolata","Plantago","Plantaginaceae",974.36,22.454,53.748,0.179,1.363,0.23,0.189214285714286
"Plantago major","Plantago major","Plantago","Plantaginaceae",4852.23,18.803,53.228,0.167,0.22,0.18,0.16
"Plantago maritima","Plantago maritima","Plantago","Plantaginaceae",749.42,15.37,97.759,0.192,0.561,0.265,0.189214285714286
"Plantago media","Plantago media","Plantago","Plantaginaceae",4662.67,21.655,52.872,0.203,0.334,0.178,0.156
"Plantago patagonica","Plantago patagonica","Plantago","Plantaginaceae",1456.28,19.886,75,0.15,0.48,0.20175,0.189214285714286
"Platanthera bifolia","Platanthera bifolia","Platanthera","Orchidaceae",4089.94,26.3,39.47,0.248,0.001,0.113,0.124
"Poa alpigena","Poa alpigena","Poa","Poaceae",268.669130434783,18.7781111111111,52.356,0.357046511627907,0.25,0.271705882352941,0.315272727272727
"Poa alpina","Poa alpina","Poa","Poaceae",96.98,16.355,65.304,0.158,0.35,0.261,0.291
"Poa annua","Poa annua","Poa","Poaceae",123.1,35.481,26.096,0.092,0.238,0.159,0.315272727272727
"Poa chaixii","Poa chaixii","Poa","Poaceae",279.45,18.612,56.385,0.803,0.407461538461538,0.261,0.29
"Poa compressa","Poa compressa","Poa","Poaceae",203.62,13.67,52.956,0.305,0.21,0.277,0.309
"Poa pratensis","Poa pratensis","Poa","Poaceae",441.04,17.382,47.782,0.367,0.255,0.21,0.315272727272727
"Poa supina","Poa supina","Poa","Poaceae",192.25,31.217,25.275,0.101,0.4,0.153,0.169
"Poa trivialis","Poa trivialis","Poa","Poaceae",243.49,26.443,24.337,0.583,0.18,0.227,0.315272727272727
"Polygala alpestris","Polygala alpestris","Polygala","Polygalaceae",71.6875,28.4,49.334,0.089,2.55577272727273,0.21,0.218142857142857
"Polygala alpina","Polygala alpina","Polygala","Polygalaceae",31.14,17.03,40.499,0.059,2.55577272727273,0.21,0.218142857142857
"Polygala vulgaris","Polygala vulgaris","Polygala","Polygalaceae",67.86,26.239,54.792,0.121,1.79,0.227,0.251
"Polygonum aviculare","Polygonum aviculare","Polygonum","Polygonaceae",338.25,31.426,38.011,0.283,1.313,0.375,0.2655
"Polygonum douglasii","Polygonum douglasii","Polygonum","Polygonaceae",50,19.35,83.333,0.12,1.345,0.388,0.2655
"Polygonum macrophyllum","Polygonum macrophyllum","Polygonum","Polygonaceae",375.476666666667,37.95,56.915,0.501304347826087,2.89017391304348,0.30825,0.2655
"Polygonum sibiricum","Polygonum sibiricum","Polygonum","Polygonaceae",700,30.76,59.7907,0.25,2.89017391304348,0.30825,0.2655
"Polypogon viridis","Polypogon viridis","Polypogon","Poaceae",316,17.6774739184002,79.5134552918065,0.431,0.097,0.304359958590127,0.333860312096643
"Potentilla anserina","Potentilla anserina","Potentilla","Rosaceae",928.14,24.975,52.045,0.161,0.592,0.206,0.29975
"Potentilla argentea","Potentilla argentea","Potentilla","Rosaceae",275.33,24.2727333333333,63.622,0.254,0.084,0.263,0.32
"Potentilla aurea","Potentilla aurea","Potentilla","Rosaceae",1012.5,28.827,45.875,0.088,0.33,0.222,0.24
"Potentilla crantzii","Potentilla crantzii","Potentilla","Rosaceae",71.23,28.7,65.83,0.089,0.485,0.248,0.291
"Potentilla erecta","Potentilla erecta","Potentilla","Rosaceae",109.62,22.926,41.274,0.167,0.272,0.348,0.29975
"Potentilla gracilis","Potentilla gracilis","Potentilla","Rosaceae",315.03,24.2727333333333,79.58,0.73,0.273,0.251346153846154,0.29975
"Potentilla grandiflora","Potentilla grandiflora","Potentilla","Rosaceae",549.802105263158,22.05,63.842,0.156,0.28,0.252,0.298
"Potentilla multifida","Potentilla multifida","Potentilla","Rosaceae",409,24.2727333333333,101.729,0.253,0.349625,0.251346153846154,0.29975
"Potentilla nivea","Potentilla nivea","Potentilla","Rosaceae",403.15,25.728,60.793,0.089,0.349625,0.264,0.32
"Potentilla pulcherrima","Potentilla pulcherrima","Potentilla","Rosaceae",549.802105263158,24.2727333333333,64.94558,0.212479452054795,0.346,0.251346153846154,0.29975
"Primula elatior","Primula elatior","Primula","Primulaceae",4203.38,22.419,40.125,0.136,0.654,0.167,0.135
"Primula farinosa","Primula farinosa","Primula","Primulaceae",220.5,21.536,43.584,0.13,0.067,0.185,0.17
"Primula integrifolia","Primula integrifolia","Primula","Primulaceae",95.92,29.448,48.708,0.025,0.2951,0.185,0.17
"Primula malacoides","Primula malacoides","Primula","Primulaceae",1525.311,23.799875,53.9176842105263,0.0981111111111111,0.1,0.180625,0.161875
"Primula tangutica","Primula tangutica","Primula","Primulaceae",1525.311,22.75,45.641,0.0981111111111111,0.2951,0.180625,0.161875
"Primula veris","Primula veris","Primula","Primulaceae",3032.48,16.4,51.321,0.151,0.834,0.227,0.251
"Prunella grandiflora","Prunella grandiflora","Prunella","Lamiaceae",204.82,18.414,52.975,0.15,1.037,0.19,0.18
"Prunella vulgaris","Prunella vulgaris","Prunella","Lamiaceae",472.55,19.172,34.864,0.145,0.73,0.167,0.199
"Ptilagrostis dichotoma","Ptilagrostis dichotoma","Ptilagrostis","Poaceae",1309.99222096889,25.442,65.275,1.57239145432723,3.22384844340583,0.304359958590127,0.333860312096643
"Pulmonaria angustifolia","Pulmonaria angustifolia","Pulmonaria","Boraginaceae",10893.54,25.742,63.73,0.163,4.16,0.186,0.173
"Pulmonaria australis","Pulmonaria australis","Pulmonaria","Boraginaceae",13953.67,21.521,41.257,0.247,4.16,0.169666666666667,0.141
"Pyrola minor","Pyrola minor","Pyrola","Ericaceae",299.44,15.9,45.754,0.078,0.002,0.242,0.279
"Pyrola rotundifolia","Pyrola rotundifolia","Pyrola","Ericaceae",1355.19,13.463,53.907,0.12,0.00633333333333333,0.227,0.25
"Quercus robur","Quercus robur","Quercus","Fagaceae",2991.55,21.811,72.498,27.075,3048.021,0.581,0.225495616695487
"Ranunculus aconitifolius","Ranunculus aconitifolius","Ranunculus","Ranunculaceae",26252.32,25.62,35.263,0.27,4.63,0.148,0.099
"Ranunculus acris","Ranunculus acris","Ranunculus","Ranunculaceae",595.19,25.736,48.233,0.352,1.447,0.156,0.163689655172414
"Ranunculus alpestris","Ranunculus alpestris","Ranunculus","Ranunculaceae",1663.45088888889,29.1608275862069,52.9580833333333,0.072,2.21180555555556,0.17665625,0.163689655172414
"Ranunculus arvensis","Ranunculus arvensis","Ranunculus","Ranunculaceae",576,22.093,36.503,0.379,12.236,0.164,0.13
"Ranunculus auricomus","Ranunculus auricomus","Ranunculus","Ranunculaceae",1250.87,29.1608275862069,35.665,0.321,1.537,0.179,0.158
"Ranunculus brotherusii","Ranunculus brotherusii","Ranunculus","Ranunculaceae",1663.45088888889,36.93,52.9580833333333,0.310459459459459,2.21180555555556,0.17665625,0.163689655172414
"Ranunculus bulbosus","Ranunculus bulbosus","Ranunculus","Ranunculaceae",895.84,27.778,51.704,0.192,2.425,0.127,0.163689655172414
"Ranunculus inamoenus","Ranunculus inamoenus","Ranunculus","Ranunculaceae",432.99,29.1608275862069,52.9580833333333,0.310459459459459,2.21180555555556,0.17665625,0.163689655172414
"Ranunculus japonicus","Ranunculus japonicus","Ranunculus","Ranunculaceae",1663.45088888889,29.1608275862069,52.9580833333333,0.310459459459459,0.85,0.17665625,0.163689655172414
"Ranunculus kuepferi","Ranunculus kuepferi","Ranunculus","Ranunculaceae",1663.45088888889,29.1608275862069,52.9580833333333,0.108,2.21180555555556,0.17665625,0.163689655172414
"Ranunculus montanus","Ranunculus montanus","Ranunculus","Ranunculaceae",896.22,26.753,37.08,0.12,2.21180555555556,0.197,0.193
"Ranunculus nivalis","Ranunculus nivalis","Ranunculus","Ranunculaceae",1663.45088888889,30.5,49.677,0.05,2.21180555555556,0.17665625,0.163689655172414
"Ranunculus polyanthemos","Ranunculus polyanthemos","Ranunculus","Ranunculaceae",4424.76,29.1608275862069,48.265,0.454,3.067,0.189,0.178
"Ranunculus repens","Ranunculus repens","Ranunculus","Ranunculaceae",1845.43,23.976,40.712,0.19,2.308,0.099,0.163689655172414
"Ranunculus reptans","Ranunculus reptans","Ranunculus","Ranunculaceae",53,29.1608275862069,73.529,0.134,0.374,0.206,0.21
"Rhinanthus glacialis","Rhinanthus glacialis","Rhinanthus","Orobanchaceae",44.7,35.15,44.385,0.268,3.43,0.266,0.324
"Rhinanthus minor","Rhinanthus minor","Rhinanthus","Orobanchaceae",174.47,33.99,48.963,0.255,2.535,0.178,0.157
"Rosa woodsii","Rosa woodsii","Rosa","Rosaceae",714.9,14.91,63.291,0.996,7.924,0.574,0.274019742310889
"Rostraria cristata","Rostraria cristata","Rostraria","Poaceae",133,17.6774739184002,34.341,0.168,0.2,0.304359958590127,0.333860312096643
"Rubia cordifolia","Rubia cordifolia","Rubia","Rubiaceae",700,18.557,49.3653333333333,1.5,4.1,0.185,0.17
"Rubus chamaemorus","Rubus chamaemorus","Rubus","Rosaceae",1923.79,21.876,77.833,0.103,8.055,0.232,0.259
"Rubus idaeus","Rubus idaeus","Rubus","Rosaceae",2198.09,23.315,45.578,0.94,1.766,0.329555555555556,0.259
"Rubus parviflorus","Rubus parviflorus","Rubus","Rosaceae",15257,21.9,22.257,1.476,1.153,0.65,0.259
"Rubus saxatilis","Rubus saxatilis","Rubus","Rosaceae",4889.51,20.796,40.093,0.202,9.89,0.3,0.259
"Rudbeckia hirta","Rudbeckia hirta","Rudbeckia","Asteraceae",465.99,22.3964876098431,57.455,0.52,0.383,0.291,0.185126116608892
"Rudbeckia occidentalis","Rudbeckia occidentalis","Rudbeckia","Asteraceae",504.605,22.3964876098431,37.7675,1.25333333333333,1.095,0.291,0.185126116608892
"Rumex acetosa","Rumex acetosa","Rumex","Polygonaceae",1674.17,36.115,36.033,0.437,0.706,0.151,0.146666666666667
"Rumex acetosella","Rumex acetosella","Rumex","Polygonaceae",161.17,30.123,45.385,0.179,0.402,0.369,0.146666666666667
"Rumex alpestris","Rumex alpestris","Rumex","Polygonaceae",4946.71,45.514,30.412,0.343,0.76,0.159,0.12
"Rumex nepalensis","Rumex nepalensis","Rumex","Polygonaceae",9126.26551724138,33.6365833333333,48.8582916666667,0.645121951219512,1.65,0.188764705882353,0.146666666666667
"Rumex sanguineus","Rumex sanguineus","Rumex","Polygonaceae",4734,33.6365833333333,39.96,0.689,0.954,0.201,0.2
"Sagina glabra","Sagina glabra","Sagina","Caryophyllaceae",5.32857142857143,15.952,64.9662,0.091,0.0253,0.2022,0.231
"Sagina japonica","Sagina japonica","Sagina","Caryophyllaceae",5.32857142857143,15.952,64.9662,0.0506,0.02,0.2022,0.231
"Sagina saginoides","Sagina saginoides","Sagina","Caryophyllaceae",8.45,15.952,73.001,0.037,0.032,0.24,0.275
"Salix herbacea","Salix herbacea","Salix","Salicaceae",102.52,23.954,59.033,0.036,0.166,0.428666666666667,0.225495616695487
"Salix polaris","Salix polaris","Salix","Salicaceae",169,30.644,79.617,0.02,0.173465517241379,0.428666666666667,0.225495616695487
"Salix reticulata","Salix reticulata","Salix","Salicaceae",202.89,18.507,107.6,0.072,0.118,0.428666666666667,0.225495616695487
"Salix retusa","Salix retusa","Salix","Salicaceae",739.105283018868,23.7914833333333,78.9778214285714,0.182,0.36,0.428666666666667,0.225495616695487
"Salix serpyllifolia","Salix serpyllifolia","Salix","Salicaceae",45.98,23.7914833333333,75.805,0.144,0.26,0.428666666666667,0.225495616695487
"Salsola collina","Salsola collina","Salsola","Amaranthaceae",11,41.24,131.716,0.154,3.89575,0.196,0.192
"Salvia pratensis","Salvia pratensis","Salvia","Lamiaceae",6894.74,19.3,47.936,0.484,2.23,0.185,0.17
"Sanguisorba minor","Sanguisorba minor","Sanguisorba","Rosaceae",354.23,20.21,57.176,0.178,4.137,0.215,0.2605
"Saussurea alpina","Saussurea alpina","Saussurea","Asteraceae",579.7,19.54,54.361,0.15,1.403,0.185,0.17
"Saussurea globosa","Saussurea globosa","Saussurea","Asteraceae",378.116666666667,25.3,67.6854,0.3696,3.87433333333333,0.185,0.17
"Saussurea superba","Saussurea superba","Saussurea","Asteraceae",378.116666666667,20.414,72.516,0.3696,3.87433333333333,0.185,0.17
"Saxifraga aizoides","Saxifraga aizoides","Saxifraga","Saxifragaceae",24.45,12.518,74.079,0.068,0.05,0.177,0.156
"Saxifraga bryoides","Saxifraga bryoides","Saxifraga","Saxifragaceae",320.923529411765,17.585,58.952,0.024,0.03,0.265,0.324
"Saxifraga cespitosa","Saxifraga cespitosa","Saxifraga","Saxifragaceae",32,15.5314285714286,64.7386666666667,0.07,0.074,0.184846153846154,0.169615384615385
"Saxifraga oppositifolia","Saxifraga oppositifolia","Saxifraga","Saxifragaceae",32,18.014,60.406,0.102,0.102,0.23,0.255
"Saxifraga paniculata","Saxifraga paniculata","Saxifraga","Saxifragaceae",41.5,15.5314285714286,116.144,0.196,0.058,0.222,0.24
"Scabiosa lucida","Scabiosa lucida","Scabiosa","Caprifoliaceae",656.75,20.34,68.12,0.249,1.53,0.199333333333333,0.198
"Schizachyrium scoparium","Schizachyrium scoparium","Schizachyrium","Poaceae",570.95,11.985,54.254,0.77,0.79,0.316,0.353
"Scolochloa festucacea","Scolochloa festucacea","Scolochloa","Poaceae",1309.99222096889,17.505,53.619,1.335,1.841,0.304359958590127,0.333860312096643
"Scorzoneroides autumnalis","Scorzoneroides autumnalis","Scorzoneroides","Asteraceae",209.03,20.31,39.389,0.131,0.674,0.192,0.194
"Scorzoneroides helvetica","Scorzoneroides helvetica","Scorzoneroides","Asteraceae",193.7,29.061,71.874,0.122,1.71,0.231,0.258
"Scorzoneroides pyrenaica","Scorzoneroides pyrenaica","Scorzoneroides","Asteraceae",635.5,24.6855,42.841,0.1,1.192,0.164,0.13
"Sedum acre","Sedum acre","Sedum","Crassulaceae",12.25,15.17,83.595,0.071,0.034,0.127,0.06
"Sedum integrifolium","Sedum integrifolium","Sedum","Crassulaceae",184.37,13.5016,55.6082,0.0691666666666667,0.03715,0.134,0.0728
"Selaginella selaginoides","Selaginella selaginoides","Selaginella","Selaginellaceae",5.67,23.8683397033147,45.914,0.063,0,0.23998221963781,0.225495616695487
"Senecio doronicum","Senecio doronicum","Senecio","Asteraceae",1789.2,28.586,78.486,0.204,0.28,0.163,0.128
"Senecio integerrimus","Senecio integerrimus","Senecio","Asteraceae",1195.74,32.3572222222222,67.814,0.33,0.905,0.206833333333333,0.1111
"Senecio vulgaris","Senecio vulgaris","Senecio","Asteraceae",368.71,38.188,32.964,0.284,0.245,0.137,0.079
"Sesleria caerulea","Sesleria caerulea","Sesleria","Poaceae",464.41,19.31,70.648,0.223,1.459,0.291,0.29
"Sibbaldia procumbens","Sibbaldia procumbens","Sibbaldia","Rosaceae",160.36,25.179,60.776,0.028,0.51,0.275,0.342
"Sibbaldianthe bifurca","Sibbaldianthe bifurca","Sibbaldianthe","Rosaceae",79,23.029,87.376,0.09,110.08271349558,0.314,0.417
"Silene acaulis","Silene acaulis","Silene","Caryophyllaceae",8.06,15,57.666,0.031,0.306,0.19,0.18
"Silene dioica","Silene dioica","Silene","Caryophyllaceae",3533,30.11,27.656,0.556,0.683,0.154,0.11
"Silene flos-cuculi","Silene flos-cuculi","Silene","Caryophyllaceae",569.24,15.55,39.958,0.456,0.173,0.241,0.170869565217391
"Silene latifolia","Silene latifolia","Silene","Caryophyllaceae",1646.63,22.9446666666667,48.029,0.686,0.822,0.169,0.14
"Silene nutans","Silene nutans","Silene","Caryophyllaceae",349.07,35.74,47.658,0.362,0.345,0.196,0.192
"Silene vulgaris","Silene vulgaris","Silene","Caryophyllaceae",1263.74,26.952,46.934,0.398,0.834,0.183,0.166
"Sinapis alba","Sinapis alba","Sinapis","Brassicaceae",2316,33.7082184375,55.619,0.403,4.401,0.168,0.139
"Sisymbrium loeselii","Sisymbrium loeselii","Sisymbrium","Brassicaceae",2509.68,33.7082184375,53.387,0.434,0.082,0.195,0.189
"Soldanella alpina","Soldanella alpina","Soldanella","Primulaceae",80.65,22.52,74.794,0.08,0.24,0.224,0.244
"Solidago missouriensis","Solidago missouriensis","Solidago","Asteraceae",876.86,12.705,98.77,0.91,0.269,0.288090909090909,0.294125
"Solidago multiradiata","Solidago multiradiata","Solidago","Asteraceae",1187.45941176471,17.9586666666667,68.2962222222222,0.3,1.32,0.288090909090909,0.294125
"Solidago virgaurea","Solidago virgaurea","Solidago","Asteraceae",984.1,28.308,43.45,0.508,0.519,0.201,0.2
"Sonchus arvensis","Sonchus arvensis","Sonchus","Asteraceae",3014.33,21.5753333333333,46.462,0.923,0.661,0.158,0.119
"Sonchus asper","Sonchus asper","Sonchus","Asteraceae",5059.97,7.226,41.318,0.493,0.268,0.157,0.116
"Sorbus aucuparia","Sorbus aucuparia","Sorbus","Rosaceae",616.09,21.969,69.498,13.475,3.469,0.592,0.274019742310889
"Sphaeralcea ambigua","Sphaeralcea ambigua","Sphaeralcea","Malvaceae",678.31,46.27,41.029,1.52,1.225,0.236,0.267
"Spiraea betulifolia","Spiraea betulifolia","Spiraea","Rosaceae",1118.59625,19.6630769230769,60.561,0.91,0.292,0.484213348424476,0.274019742310889
"Stachys alpina","Stachys alpina","Stachys","Lamiaceae",3162,22.01,45.8081,0.622,4.645,0.19725,0.207428571428571
"Stachys byzantina","Stachys byzantina","Stachys","Lamiaceae",1987,25.6273333333333,80.032,0.28,1.924,0.19725,0.207428571428571
"Stellaria graminea","Stellaria graminea","Stellaria","Caryophyllaceae",110.34,30.526,32.23,0.334,0.277,0.201,0.125666666666667
"Stellaria longifolia","Stellaria longifolia","Stellaria","Caryophyllaceae",343.144166666667,31.4446666666667,27.9198181818182,0.178,0.13,0.16175,0.125666666666667
"Stellaria media","Stellaria media","Stellaria","Caryophyllaceae",262.73,33.552,20.646,0.152,0.367,0.122,0.125666666666667
"Stellaria nemorum","Stellaria nemorum","Stellaria","Caryophyllaceae",1545.9,22.43,22.465,0.406,0.224,0.168,0.137
"Stellaria uliginosa","Stellaria uliginosa","Stellaria","Caryophyllaceae",184.81,31.4446666666667,26.824,0.198,0.063,0.174,0.15
"Stipa aliena","Stipa aliena","Stipa","Poaceae",223.491,19.97,137.7728,0.405133333333333,6.51878571428571,0.519,0.58125
"Stipa capillacea","Stipa capillacea","Stipa","Poaceae",223.491,9.9,137.7728,0.405133333333333,6.51878571428571,0.519,0.58125
"Stipa capillata","Stipa capillata","Stipa","Poaceae",426,17.367,132.275,0.573,4.91,0.562,0.63
"Stipa purpurea","Stipa purpurea","Stipa","Poaceae",223.491,21.482,79.816,0.405133333333333,6.51878571428571,0.519,0.58125
"Succisa pratensis","Succisa pratensis","Succisa","Caprifoliaceae",2091.26,14.103,59.805,0.327,1.239,0.257,0.213678571428571
"Symphoricarpos albus","Symphoricarpos albus","Symphoricarpos","Caprifoliaceae",1318.87,14.504,46.794,1.561,6.742,0.78,0.213678571428571
"Symphyotrichum ascendens","Symphyotrichum ascendens","Symphyotrichum","Asteraceae",96,15.15,95.238,0.1,0.63,0.206,0.21
"Taraxacum mongolicum","Taraxacum mongolicum","Taraxacum","Asteraceae",9500,28.2872,52.982,0.15,0.6124,0.192,0.184
"Thalictrum alpinum","Thalictrum alpinum","Thalictrum","Ranunculaceae",98.43,18.87,70.131,0.052,0.85,0.288,0.367
"Thalictrum aquilegiifolium","Thalictrum aquilegiifolium","Thalictrum","Ranunculaceae",31547,23.5947777777778,29.18,0.935,3,0.201,0.2
"Thalictrum fendleri","Thalictrum fendleri","Thalictrum","Ranunculaceae",112.78,36.506,48.016,0.58,1.251,0.215,0.254333333333333
"Thalictrum occidentale","Thalictrum occidentale","Thalictrum","Ranunculaceae",3888.28153846154,23.5947777777778,48.6930714285714,0.64447619047619,3.7,0.24175,0.254333333333333
"Thermopsis lanceolata","Thermopsis lanceolata","Thermopsis","Fabaceae",75,29.33,62.599,0.224,18.6336,0.549308873364474,0.232318300653595
"Thesium alpinum","Thesium alpinum","Thesium","Santalaceae",68.566,22.1,49.79825,0.159,3.9,0.203,0.2045
"Thlaspi arvense","Thlaspi arvense","Thlaspi","Brassicaceae",560.33,40.4,45.931,0.261,1.082,0.18,0.16
"Thymus praecox","Thymus praecox","Thymus","Lamiaceae",12.6,26.38,68.729,0.081,0.136,0.22,0.237
"Thymus pulegioides","Thymus pulegioides","Thymus","Lamiaceae",152.75,16.51,43.019,0.176,0.147,0.235,0.2655
"Thymus serpyllum","Thymus serpyllum","Thymus","Lamiaceae",7.3,22.5,131.975,0.06,0.188,0.246,0.287
"Tofieldia calyculata","Tofieldia calyculata","Tofieldia","Tofieldiaceae",49.79,15.69,57.307,0.107,0.036,0.207,0.23
"Tofieldia pusilla","Tofieldia pusilla","Tofieldia","Tofieldiaceae",49.79,15.257,60.907,0.064,0.035,0.253,0.282
"Tragopogon dubius","Tragopogon dubius","Tragopogon","Asteraceae",610.56,26.31,46.2,0.487,8.214,0.367,0.15
"Tragopogon orientalis","Tragopogon orientalis","Tragopogon","Asteraceae",825.3425,23.74025,41.964,0.4,10.2058333333333,0.26725,0.15
"Tragopogon pratensis","Tragopogon pratensis","Tragopogon","Asteraceae",681.68,21.9,42.594,0.47,7.063,0.161,0.15
"Trichophorum cespitosum","Trichophorum cespitosum","Trichophorum","Cyperaceae",106.24,19.35,145.028,0.215,0.36,0.318,0.355
"Trifolium alpestre","Trifolium alpestre","Trifolium","Fabaceae",235.26,25,83.539,0.215,1.29,0.309,0.2268
"Trifolium alpinum","Trifolium alpinum","Trifolium","Fabaceae",326.061578947368,34.237,58.078,0.109,5.101,0.215,0.2268
"Trifolium badium","Trifolium badium","Trifolium","Fabaceae",108.32,44.95,20.412,0.144,0.884,0.165,0.17
"Trifolium campestre","Trifolium campestre","Trifolium","Fabaceae",326.061578947368,38.786,31.8,0.231,0.263,0.339,0.2268
"Trifolium dubium","Trifolium dubium","Trifolium","Fabaceae",39.8,33.31,39.866,0.208,0.353,0.33,0.2268
"Trifolium hybridum","Trifolium hybridum","Trifolium","Fabaceae",1410.42,42.613,43.737,0.433,0.719,0.21,0.234
"Trifolium medium","Trifolium medium","Trifolium","Fabaceae",479,33.6,55.237,0.284,2.091,0.279,0.2268
"Trifolium montanum","Trifolium montanum","Trifolium","Fabaceae",739.36,35.432,51.132,0.275,0.735,0.224,0.255
"Trifolium pallescens","Trifolium pallescens","Trifolium","Fabaceae",326.061578947368,24.441,71.7,0.129,0.62,0.213,0.24
"Trifolium pratense","Trifolium pratense","Trifolium","Fabaceae",479.71,39.003,43.367,0.307,1.558,0.206,0.2268
"Trifolium repens","Trifolium repens","Trifolium","Fabaceae",204.05,42.365,37.157,0.158,0.534,0.151,0.2268
"Trifolium thalii","Trifolium thalii","Trifolium","Fabaceae",326.061578947368,30.38,60.942,0.061,1.02,0.227757575757576,0.2268
"Trisetum flavescens","Trisetum flavescens","Trisetum","Poaceae",329.18,23.955,45.072,0.358,0.268,0.335,0.333860312096643
"Trollius chinensis","Trollius chinensis","Trollius","Ranunculaceae",3739.12,23.962,67.1103333333333,1,0.68925,0.194,0.187
"Trollius europaeus","Trollius europaeus","Trollius","Ranunculaceae",5700.62,23.954,48.033,0.346,0.897,0.194,0.187
"Urtica dioica","Urtica dioica","Urtica","Urticaceae",1552.74,42.917,34.575,0.883,0.14,0.118,0.1925
"Vaccinium membranaceum","Vaccinium membranaceum","Vaccinium","Ericaceae",294.861578947368,11.86504,90.8996818181818,1.37,0.16,0.50475,0.265145833333333
"Vaccinium myrtillus","Vaccinium myrtillus","Vaccinium","Ericaceae",145.27,16.398,51.936,0.224,0.292,0.459,0.265145833333333
"Vaccinium scoparium","Vaccinium scoparium","Vaccinium","Ericaceae",294.861578947368,11.86504,90.8996818181818,0.6,1.618,0.50475,0.265145833333333
"Vaccinium uliginosum","Vaccinium uliginosum","Vaccinium","Ericaceae",81.46,21.857,69.129,0.173,0.214,0.50475,0.265145833333333
"Vaccinium vitis-idaea","Vaccinium vitis-idaea","Vaccinium","Ericaceae",75.3,10.574,130.791,0.14,0.309,0.38,0.265145833333333
"Valeriana capitata","Valeriana capitata","Valeriana","Caprifoliaceae",2092.76384615385,20.014,56.0976666666667,0.05,0.979666666666667,0.175333333333333,0.1515
"Valeriana edulis","Valeriana edulis","Valeriana","Caprifoliaceae",2349.53,20.014,78.808,0.406285714285714,0.979666666666667,0.175333333333333,0.1515
"Veratrum album","Veratrum album","Veratrum","Melanthiaceae",12929.81,38.06,36.075,0.852,3.571,0.127,0.14
"Veratrum californicum","Veratrum californicum","Veratrum","Melanthiaceae",27345.98,27.17,71.399,1.82,1.97,0.159,0.1765
"Verbascum thapsus","Verbascum thapsus","Verbascum","Scrophulariaceae",7045.53,21.624,66.692,0.879,0.089,0.231,0.1825
"Verbena macdougalii","Verbena macdougalii","Verbena","Verbenaceae",1034.67833333333,21.6912,62.8347142857143,0.4,0.447,0.2416,0.2865
"Veronica allionii","Veronica allionii","Veronica","Plantaginaceae",459.051351351351,22.8476666666667,41.03671875,0.091,0.388903846153846,0.194366666666667,0.181148148148148
"Veronica alpina","Veronica alpina","Veronica","Plantaginaceae",55.93,30.962,38.306,0.066,0.07,0.206,0.21
"Veronica aphylla","Veronica aphylla","Veronica","Plantaginaceae",459.051351351351,22.8476666666667,41.03671875,0.03,0.388903846153846,0.194366666666667,0.181148148148148
"Veronica arvensis","Veronica arvensis","Veronica","Plantaginaceae",44.19,19.858,41.236,0.077,0.113,0.175,0.181148148148148
"Veronica chamaedrys","Veronica chamaedrys","Veronica","Plantaginaceae",300.12,21.614,34.383,0.2,0.19,0.212,0.181148148148148
"Veronica filiformis","Veronica filiformis","Veronica","Plantaginaceae",49.84,9.372,28.211,0.153,0.27,0.18,0.161
"Veronica fruticans","Veronica fruticans","Veronica","Plantaginaceae",17.46,22.8476666666667,58.411,0.086,0.132,0.222,0.24
"Veronica hederifolia","Veronica hederifolia","Veronica","Plantaginaceae",260.68,14.168,36.641,0.161,3.742,0.139,0.083
"Veronica montana","Veronica montana","Veronica","Plantaginaceae",458,20.037,30.291,0.268,0.392,0.237,0.27
"Veronica officinalis","Veronica officinalis","Veronica","Plantaginaceae",87.3,18.271,39.259,0.126,0.123,0.217,0.231
"Veronica persica","Veronica persica","Veronica","Plantaginaceae",492.06,23.717,26.504,0.164,0.576,0.292,0.181148148148148
"Veronica praecox","Veronica praecox","Veronica","Plantaginaceae",32,22.8476666666667,41.03671875,0.088,0.182,0.194366666666667,0.181148148148148
"Veronica serpyllifolia","Veronica serpyllifolia","Veronica","Plantaginaceae",188,22.8476666666667,43.711,0.134,0.046,0.185,0.17
"Veronica triphyllos","Veronica triphyllos","Veronica","Plantaginaceae",42.25,22.8476666666667,29.735,0.087,0.383,0.18,0.16
"Vicia americana","Vicia americana","Vicia","Fabaceae",83.89,42.077,41.354,0.325,12.895,0.261,0.214533333333333
"Vicia cracca","Vicia cracca","Vicia","Fabaceae",713.54,39.207,44.04,0.626,15.28,0.233,0.214533333333333
"Vicia hirsuta","Vicia hirsuta","Vicia","Fabaceae",14.13,43.2,45.501,0.316,5.42,0.211,0.236
"Vicia sepium","Vicia sepium","Vicia","Fabaceae",59.14,46,25.593,0.445,19.467,0.284,0.342
"Vicia tetrasperma","Vicia tetrasperma","Vicia","Fabaceae",278.3,40.146,32.02,0.4,3.527,0.241,0.28
"Vicia villosa","Vicia villosa","Vicia","Fabaceae",186.54375,29.6,38.817,0.697,34.835,0.158,0.16
"Viola adunca","Viola adunca","Viola","Violaceae",157.63,15.875,81.639,0.03,0.79,0.194962962962963,0.194
"Viola biflora","Viola biflora","Viola","Violaceae",140.22,38.93,19.116,0.11,0.74,0.164,0.13
"Viola calcarata","Viola calcarata","Viola","Violaceae",57.05,40.509,53.045,0.053,1.5665,0.201,0.201
"Viola canina","Viola canina","Viola","Violaceae",523.77,31.511,39.833,0.165,0.879,0.189,0.194
"Viola collina","Viola collina","Viola","Violaceae",803.314358974359,23.1401071428571,42.049,0.073,1.9,0.194962962962963,0.194
"Viola hirta","Viola hirta","Viola","Violaceae",3523.23,19.1,53.523,0.073,3.055,0.216,0.23
"Viola nuttallii","Viola nuttallii","Viola","Violaceae",803.314358974359,23.1401071428571,42.049,0.154951612903226,2.9,0.194962962962963,0.194
"Viola odorata","Viola odorata","Viola","Violaceae",1826.57,17.061,39.063,0.089,3.457,0.199,0.197
"Viola palustris","Viola palustris","Viola","Violaceae",1064.48,23.1401071428571,27.29,0.096,0.734,0.183,0.166
"Viola reichenbachiana","Viola reichenbachiana","Viola","Violaceae",487.8,23.367,33.343,0.136,1.545,0.211,0.22
"Viola riviniana","Viola riviniana","Viola","Violaceae",532,25.915,40.523,0.185,1.175,0.2,0.194
"Viola tricolor","Viola tricolor","Viola","Violaceae",167.92,25.459,37.244,0.162,0.593,0.165,0.194
"Xanthisma gracile","Xanthisma gracile","Xanthisma","Asteraceae",2328.11806886753,22.3964876098431,71.064262402084,0.05,0.23,0.260622943768837,0.185126116608892
"Alchemilla",NA,"Alchemilla","Rosaceae",1683.372,23.6595555555556,58.22465,0.219571428571429,0.391357142857143,0.222857142857143,0.26125
"Bistorta vivipara","Bistorta vivipara","Bistorta","Polygonaceae",3760,36.252,82.645,0.45,1.844,0.321015013242651,0.21956266025641
"Sagina",NA,"Sagina","Caryophyllaceae",5.32857142857143,15.952,64.9662,0.0506,0.0253,0.2022,0.231
"Taraxacum",NA,"Taraxacum","Asteraceae",1858.97363636364,28.2872,43.1758,0.508344827586207,0.6124,0.19,0.164
"Avenella flexuosa","Avenella flexuosa","Avenella","Poaceae",1309.99222096889,17.6774739184002,79.5134552918065,1.57239145432723,3.22384844340583,0.304359958590127,0.333860312096643
"Pyrola",NA,"Pyrola","Ericaceae",659.668,14.39075,50.204,0.135428571428571,0.00633333333333333,0.211,0.219666666666667
"Carex",NA,"Carex","Cyperaceae",1158.09631578947,19.0735,59.0618951048951,0.473540650406504,1.34332818532819,0.281952380952381,0.319527472527473
"Epilobium",NA,"Epilobium","Onagraceae",712.055217391304,23.7965454545455,45.941,0.490064516129032,0.1330625,0.201578947368421,0.209611111111111
"Euphrasia",NA,"Euphrasia","Orobanchaceae",42.894,40.94275,46.9026666666667,0.143266666666667,0.164055555555556,0.228777777777778,0.253444444444444
"Gentiana",NA,"Gentiana","Gentianaceae",1621.733,21.3251176470588,73.7682272727273,0.18858064516129,0.205,0.212625,0.225133333333333
"Luzula",NA,"Luzula","Juncaceae",405.091428571429,19.5916,55.8955263157895,0.263333333333333,0.465444444444444,0.233083333333333,0.2615
"Noccaea caerulescens","Noccaea caerulescens","Noccaea","Brassicaceae",2037.94254011108,33.7082184375,54.1383460442751,0.306544113551843,2.07395555900251,0.179056741108354,0.153400432182522
"Veronica",NA,"Veronica","Plantaginaceae",459.051351351351,22.8476666666667,41.03671875,0.2358,0.388903846153846,0.194366666666667,0.181148148148148
"Avenula pubescens","Avenula pubescens","Avenula","Poaceae",1309.99222096889,17.6774739184002,79.5134552918065,1.57239145432723,3.22384844340583,0.304359958590127,0.333860312096643
"Viscaria vulgaris","Viscaria vulgaris","Viscaria","Caryophyllaceae",309.160111688312,22.883871115749,57.6425145570538,0.21353201702905,0.577838100165956,0.197606155625983,0.189486433281233
"Oreojuncus trifidus","Oreojuncus trifidus","Oreojuncus","Juncaceae",457.340742481203,17.9558535947712,103.117949347052,0.428351160158461,0.158675128666604,0.237410850495805,0.270594736842105
"Dianthus meducensis","Dianthus meducensis","Dianthus","Caryophyllaceae",197.991428571429,21.80075,75.1635333333333,0.25565625,0.981,0.228909090909091,0.2498
"Cerastium",NA,"Cerastium","Caryophyllaceae",53.5204545454545,22.1659230769231,41.2543,0.171387096774194,0.2795,0.185722222222222,0.158384615384615
"Valeriana excelsa","Valeriana excelsa","Valeriana","Caprifoliaceae",2092.76384615385,20.014,56.0976666666667,0.406285714285714,0.979666666666667,0.175333333333333,0.1515
"Hieracium",NA,"Hieracium","Asteraceae",1804.68740740741,22.2752857142857,45.0056206896552,0.359104166666667,0.628720588235294,0.18125,0.149863636363636
"Rhodiola rosea","Rhodiola rosea","Rhodiola","Crassulaceae",55.22,28.922,75.349,0.1435,0.113333333333333,0.130388888888889,0.0659125
"Salix",NA,"Salix","Salicaceae",739.105283018868,23.7914833333333,78.9778214285714,5.18104294478528,0.173465517241379,0.428666666666667,0.225495616695487
"Kalmia procumbens","Kalmia procumbens","Kalmia","Ericaceae",549.826666666667,12.3373333333333,124.709333333333,1.76,0.01125,0.74,0.265145833333333
"Anemonoides altaica","Anemonoides altaica","Anemonoides","Ranunculaceae",2754.14510288377,26.5518563979566,54.4621692727609,0.956240472622929,2.87288789211483,0.275238698328936,0.211875378491984
"Dryopteris",NA,"Dryopteris","Dryopteridaceae",3234.4625,19.866625,41.0070833333333,0.700764705882353,0,0.433,0.225495616695487
"Dianthus lanceolatus","Dianthus lanceolatus","Dianthus","Caryophyllaceae",197.991428571429,21.80075,75.1635333333333,0.25565625,0.981,0.228909090909091,0.2498
"Viola",NA,"Viola","Violaceae",803.314358974359,23.1401071428571,42.049,0.154951612903226,1.5665,0.194962962962963,0.194
"Carex simpliciuscula","Carex simpliciuscula","Carex","Cyperaceae",1158.09631578947,19.0735,59.0618951048951,0.473540650406504,1.34332818532819,0.281952380952381,0.319527472527473
"Viscaria alpina","Viscaria alpina","Viscaria","Caryophyllaceae",309.160111688312,22.883871115749,57.6425145570538,0.21353201702905,0.577838100165956,0.197606155625983,0.189486433281233
"Aconitum septentrionale","Aconitum septentrionale","Aconitum","Ranunculaceae",5005.17333333333,28.98,38.2114,0.876,2.12609090909091,0.180666666666667,0.161666666666667
"Omalotheca sylvatica","Omalotheca sylvatica","Omalotheca","Asteraceae",213.903333333333,22.3964876098431,46.495,0.0806666666666667,0.0853333333333333,0.216333333333333,0.229666666666667
"Agrostis schraderiana","Agrostis schraderiana","Agrostis","Poaceae",129.315454545455,20.1432727272727,62.0117857142857,0.418611111111111,0.0728947368421053,0.287181818181818,0.3265
"Anthoxanthum nipponicum","Anthoxanthum nipponicum","Anthoxanthum","Poaceae",350.04,19.624,34.6003333333333,0.231,0.3075,0.199,0.22
"Pulsatilla alpina","Pulsatilla alpina","Pulsatilla","Ranunculaceae",3886.515,23.3566666666667,70.295,0.175,3.40625,0.2345,0.265
"Mutellina purpurea","Mutellina purpurea","Mutellina","Apiaceae",6233.72945113935,24.3950351232394,68.1634632820513,0.712731313774222,5.81168662832708,0.211010178571429,0.211449810606061
"Carex myosuroides","Carex myosuroides","Carex","Cyperaceae",1158.09631578947,19.0735,59.0618951048951,0.473540650406504,1.34332818532819,0.281952380952381,0.319527472527473
"Aster bellidiastrum","Aster bellidiastrum","Aster","Asteraceae",1222.52666666667,24.123375,60.204,0.6116,0.4718,0.236,0.3098
"Neogaya simplex","Neogaya simplex","Neogaya","Apiaceae",6233.72945113935,24.3950351232394,68.1634632820513,0.712731313774222,5.81168662832708,0.211010178571429,0.211449810606061
"Pulsatilla vernalis","Pulsatilla vernalis","Pulsatilla","Ranunculaceae",3886.515,23.3566666666667,70.295,0.175,3.40625,0.2345,0.265
"Asteraceae",NA,NA,"Asteraceae",2328.11806886753,22.3964876098431,71.064262402084,0.760849056178615,3.04179518850559,0.260622943768837,0.185126116608892
"Centaurea montana","Centaurea montana","Centaurea","Asteraceae",1714.68833333333,23.6638666666667,57.1098214285714,0.428222222222222,5.21859523809524,0.218916666666667,0.176684210526316
"Alchemilla vulgaris","Alchemilla vulgaris","Alchemilla","Rosaceae",1683.372,23.6595555555556,58.22465,0.219571428571429,0.391357142857143,0.222857142857143,0.26125
"Gnaphalium",NA,"Gnaphalium","Asteraceae",59.28,22.46,31.8075,0.0973333333333333,0.042,0.1855,0.171
"Leontodon hyoseroides","Leontodon hyoseroides","Leontodon","Asteraceae",1070.635,23.588,52.7723333333333,0.165125,1.09155555555556,0.1916,0.173333333333333
"Ranunculus tuberosus","Ranunculus tuberosus","Ranunculus","Ranunculaceae",1663.45088888889,29.1608275862069,52.9580833333333,0.310459459459459,2.21180555555556,0.17665625,0.163689655172414
"Taraxacum officinale","Taraxacum officinale","Taraxacum","Asteraceae",1858.97363636364,28.2872,43.1758,0.508344827586207,0.6124,0.19,0.164
"Festuca",NA,"Festuca","Poaceae",233.6425,15.3074583333333,101.867939393939,0.364894736842105,0.948291666666667,0.346857142857143,0.376133333333333
"Silene",NA,"Silene","Caryophyllaceae",682.423,22.9446666666667,51.82175,0.304810810810811,0.580917647058824,0.192692307692308,0.170869565217391
"Phyteuma",NA,"Phyteuma","Campanulaceae",1001.3275,29.7987142857143,33.4066666666667,0.238,0.0947777777777778,0.185555555555556,0.170222222222222
"Poa",NA,"Poa","Poaceae",268.669130434783,18.7781111111111,70.5385652173913,0.357046511627907,0.407461538461538,0.271705882352941,0.315272727272727
"Polygaloides chamaebuxus","Polygaloides chamaebuxus","Polygaloides","Polygalaceae",1716.10366666667,20.359568115942,62.0424330357143,5.1578894938257,30.558970015949,0.335200934579439,0.218142857142857
"Fabaceae",NA,NA,"Fabaceae",2333.64554545023,28.50216464848,96.1739475186665,6.94960844970125,635.208255081909,0.549308873364474,0.232318300653595
"Trifolium",NA,"Trifolium","Fabaceae",326.061578947368,31.9031724137931,45.055475,0.238805970149254,1.53261290322581,0.227757575757576,0.2268
"Poaceae",NA,NA,"Poaceae",1309.99222096889,17.6774739184002,79.5134552918065,1.57239145432723,3.22384844340583,0.304359958590127,0.333860312096643
"Ranunculus",NA,"Ranunculus","Ranunculaceae",1663.45088888889,29.1608275862069,52.9580833333333,0.310459459459459,2.21180555555556,0.17665625,0.163689655172414
"Leontodon",NA,"Leontodon","Asteraceae",1070.635,23.588,52.7723333333333,0.165125,1.09155555555556,0.1916,0.173333333333333
"Polygala",NA,"Polygala","Polygalaceae",71.6875,21.282875,49.204,0.752464788732394,2.55577272727273,0.21,0.218142857142857
"Picris",NA,"Picris","Asteraceae",1433.71,26.876,35.739,0.452,1.2014,0.157,0.185126116608892
"Myosotis",NA,"Myosotis","Boraginaceae",273.141666666667,20.0796666666667,36.1652307692308,0.191352941176471,0.300333333333333,0.167666666666667,0.148363636363636
"Orchidaceae",NA,NA,"Orchidaceae",2528.55376297814,21.9912801282051,55.7929914797009,0.418667710623009,31.792885078219,0.118016501650165,0.1248335
"Primula",NA,"Primula","Primulaceae",1525.311,23.799875,53.9176842105263,0.0981111111111111,0.2951,0.180625,0.161875
"Koeleria spicata","Koeleria spicata","Koeleria","Poaceae",161.4325,19.0991428571429,79.7676,0.2127,0.409142857142857,0.2905,0.347333333333333
"Sedum",NA,"Sedum","Crassulaceae",27.2446666666667,13.5016,55.6082,0.0691666666666667,0.03715,0.134,0.0728
"Tragopogon",NA,"Tragopogon","Asteraceae",825.3425,23.74025,41.964,0.504857142857143,10.2058333333333,0.26725,0.15
"Galium",NA,"Galium","Rubiaceae",65.3748,23.3736470588235,35.5099666666667,0.310828125,2.07188524590164,0.206173913043478,0.191444444444444
"Thymus",NA,"Thymus","Lamiaceae",39.77,19.6131666666667,77.5540666666667,0.181357142857143,0.190227272727273,0.235,0.2655
"Helictotrichon",NA,"Helictotrichon","Poaceae",495.662,16.3974,76.5855,0.465555555555556,1.413,0.2945,0.348
"Potentilla brauneana","Potentilla brauneana","Potentilla","Rosaceae",549.802105263158,24.2727333333333,64.94558,0.212479452054795,0.349625,0.251346153846154,0.29975
"Helictochloa pratensis","Helictochloa pratensis","Helictochloa","Poaceae",1309.99222096889,17.6774739184002,79.5134552918065,1.57239145432723,3.22384844340583,0.304359958590127,0.333860312096643
"Erigeron",NA,"Erigeron","Asteraceae",487.0116,21.8628333333333,50.7951904761905,0.383085714285714,0.270230769230769,0.233857142857143,0.218
"Carlina",NA,"Carlina","Asteraceae",1112.955,18.9333333333333,71.81575,0.357375,1.86033333333333,0.2065,0.165
"Gymnadenia",NA,"Gymnadenia","Orchidaceae",662.1,28.85,50.5213333333333,0.195333333333333,0.006,0.123666666666667,0.136
"Prunella",NA,"Prunella","Lamiaceae",366.5425,17.82725,45.8525,0.1556,0.92025,0.1835,0.199
"Veronica teucrium","Veronica teucrium","Veronica","Plantaginaceae",459.051351351351,22.8476666666667,41.03671875,0.2358,0.388903846153846,0.194366666666667,0.181148148148148
"Astragalus",NA,"Astragalus","Fabaceae",181.114117647059,39.0709333333333,71.16548,0.245679245283019,7.58024786324786,0.2242,0.240666666666667
"Campanula",NA,"Campanula","Campanulaceae",987.381428571429,26.8774736842105,43.06784,0.350436363636364,0.131925925925926,0.216947368421053,0.202529411764706
"Cirsium",NA,"Cirsium","Asteraceae",9539.957,21.5143333333333,69.3301904761905,0.860032258064516,4.25047727272727,0.162736842105263,0.139923076923077
"Pinus",NA,"Pinus","Pinaceae",130.243333333333,12.1489583333333,233.405547619048,24.0046266666667,106.546464285714,0.48055737704918,0.225495616695487
"Carduus",NA,"Carduus","Asteraceae",3709.364,27.83,60.3308,0.609,3.98278571428571,0.167,0.136
"Phyteuma scaposum","Phyteuma scaposum","Phyteuma","Campanulaceae",1001.3275,29.7987142857143,33.4066666666667,0.238,0.0947777777777778,0.185555555555556,0.170222222222222
"Plantago",NA,"Plantago","Plantaginaceae",1456.28,21.4304782608696,84.3640857142857,0.177594594594595,1.05827450980392,0.20175,0.189214285714286
"Petasites",NA,"Petasites","Asteraceae",73659.4333333333,24.406,59.2694,0.239571428571429,0.4314,0.179666666666667,0.159666666666667
"Rumex",NA,"Rumex","Polygonaceae",9126.26551724138,33.6365833333333,48.8582916666667,0.645121951219512,1.69957142857143,0.188764705882353,0.146666666666667
"Arenaria",NA,"Arenaria","Caryophyllaceae",13.9566666666667,19.40225,66.581625,0.0891666666666667,0.139666666666667,0.1846,0.252
"Arnica",NA,"Arnica","Asteraceae",1292.6625,17.906,50.6313333333333,0.417545454545455,1.0395,0.159,0.12
"Senecio crassulus","Senecio crassulus","Senecio","Asteraceae",1837.1075,32.3572222222222,55.49472,0.6154,1.06061855670103,0.206833333333333,0.1111
"Lupinus",NA,"Lupinus","Fabaceae",494.935,33.9901111111111,62.8171538461538,0.767851851851852,61.2798571428571,0.204142857142857,0.13125
"Poa reflexa","Poa reflexa","Poa","Poaceae",268.669130434783,18.7781111111111,70.5385652173913,0.357046511627907,0.407461538461538,0.271705882352941,0.315272727272727
"Eriocoma nelsonii","Eriocoma nelsonii","Eriocoma","Poaceae",1309.99222096889,17.6774739184002,79.5134552918065,1.57239145432723,3.22384844340583,0.304359958590127,0.333860312096643
"Mertensia brevistyla","Mertensia brevistyla","Mertensia","Boraginaceae",550.973333333333,33.456,56.945,0.442833333333333,1.759,0.288302775730779,0.144946119356834
"Castilleja septentrionalis","Castilleja septentrionalis","Castilleja","Orobanchaceae",122.21,15.4606666666667,60.5233333333333,0.3971,0.300147058823529,0.222,0.24
"Senecio",NA,"Senecio","Asteraceae",1837.1075,32.3572222222222,55.49472,0.6154,1.06061855670103,0.206833333333333,0.1111
"Erigeron elatior","Erigeron elatior","Erigeron","Asteraceae",487.0116,21.8628333333333,50.7951904761905,0.383085714285714,0.270230769230769,0.233857142857143,0.218
"Brassicaceae",NA,NA,"Brassicaceae",2037.94254011108,33.7082184375,54.1383460442751,0.306544113551843,2.07395555900251,0.179056741108354,0.153400432182522
"Elymus bakeri","Elymus bakeri","Elymus","Poaceae",749.224166666667,21.7169230769231,88.923,0.771733333333333,3.81990476190476,0.3255,0.380666666666667
"Noccaea fendleri","Noccaea fendleri","Noccaea","Brassicaceae",2037.94254011108,33.7082184375,54.1383460442751,0.306544113551843,2.07395555900251,0.179056741108354,0.153400432182522
"Atriplex argentea","Atriplex argentea","Atriplex","Amaranthaceae",653.713125,21.3463636363636,97.79134375,0.706460317460317,2.73090410958904,0.243230769230769,0.180666666666667
"Draba spectabilis","Draba spectabilis","Draba","Brassicaceae",118.548888888889,22.0316666666667,95.5957142857143,0.0696428571428571,0.1136875,0.2168,0.19625
"Elymus violaceus","Elymus violaceus","Elymus","Poaceae",749.224166666667,21.7169230769231,88.923,0.771733333333333,3.81990476190476,0.3255,0.380666666666667
"Dracophyllum",NA,"Dracophyllum","Ericaceae",1988.01,8.44425,171.7578,3.38283333333333,0.0483333333333333,0.51,0.265145833333333
"Eurybia conspicua","Eurybia conspicua","Eurybia","Asteraceae",1034.16,18.733,53.357,0.935,0.490333333333333,0.260622943768837,0.447
"Drymocallis glandulosa","Drymocallis glandulosa","Drymocallis","Rosaceae",571.6,20.7342719156818,49.468,0.37,0.296,0.253,0.3
"Bromus porteri","Bromus porteri","Bromus","Poaceae",801.528709677419,23.0752857142857,49.2562727272727,0.547227272727273,4.72755357142857,0.250185185185185,0.267761904761905
"Lithophragma parviflorum","Lithophragma parviflorum","Lithophragma","Saxifragaceae",780.992212566845,16.8993219315895,65.4886227106227,0.229364395604396,0.02,0.19373951048951,0.186564685314685
"Micranthes occidentalis","Micranthes occidentalis","Micranthes","Saxifragaceae",780.992212566845,16.8993219315895,65.4886227106227,0.229364395604396,0.099187106918239,0.19373951048951,0.186564685314685
"Noccaea montana","Noccaea montana","Noccaea","Brassicaceae",2037.94254011108,33.7082184375,54.1383460442751,0.306544113551843,2.07395555900251,0.179056741108354,0.153400432182522
"Perideridia montana","Perideridia montana","Perideridia","Apiaceae",6233.72945113935,24.3950351232394,68.1634632820513,0.985,2.68871428571429,0.211010178571429,0.211449810606061
"Ranunculus acriformis","Ranunculus acriformis","Ranunculus","Ranunculaceae",1663.45088888889,29.1608275862069,52.9580833333333,0.310459459459459,2.21180555555556,0.17665625,0.163689655172414
"Kleinia grandiflora","Kleinia grandiflora","Kleinia","Asteraceae",3019,22.3964876098431,71.064262402084,0.98,2.41,0.260622943768837,0.185126116608892
"Vaccinium globulare","Vaccinium globulare","Vaccinium","Ericaceae",294.861578947368,11.86504,90.8996818181818,2.41832075471698,0.449259259259259,0.50475,0.265145833333333
"Symphyotrichum campestre","Symphyotrichum campestre","Symphyotrichum","Asteraceae",724.808571428571,18.1069285714286,65.8842222222222,0.9632,0.375409090909091,0.214181818181818,0.225636363636364
"Nemophila breviflora","Nemophila breviflora","Nemophila","Boraginaceae",5507.77649669967,24.7754441630318,68.7726278275571,0.15,3.868,0.288302775730779,0.144946119356834
"Geum",NA,"Geum","Rosaceae",2002.5675,20.3645,64.1771111111111,0.392285714285714,1.68633333333333,0.238833333333333,0.272666666666667
"Lithophragma",NA,"Lithophragma","Saxifragaceae",780.992212566845,16.8993219315895,65.4886227106227,0.229364395604396,0.02,0.19373951048951,0.186564685314685
"Noticastrum adscendens","Noticastrum adscendens","Noticastrum","Asteraceae",499.78,22.245,60.0046666666667,0.032,1.37,0.260622943768837,0.185126116608892
"Stellaria",NA,"Stellaria","Caryophyllaceae",343.144166666667,31.4446666666667,27.9198181818182,0.235,0.4904,0.16175,0.125666666666667
"Packera cymbalaria","Packera cymbalaria","Packera","Asteraceae",264.916666666667,20.76,78.30775,0.539,0.5214,0.1825,0.154
"Allium brevistylum","Allium brevistylum","Allium","Amaryllidaceae",1219.20535714286,29.6371578947368,82.2366363636364,0.356092592592593,3.11611290322581,0.131230769230769,0.145
"Viola orbiculata","Viola orbiculata","Viola","Violaceae",803.314358974359,23.1401071428571,42.049,0.154951612903226,1.5665,0.194962962962963,0.194
"Muhlenbergia tricholepis","Muhlenbergia tricholepis","Muhlenbergia","Poaceae",164.1075,17.1637,69.5795454545455,0.52855,0.250411764705882,0.337,0.376285714285714
"Bouteloua gracilis","Bouteloua gracilis","Bouteloua","Poaceae",466.79,14.284,69.9045,0.414,0.773166666666667,0.435333333333333,0.487
"Poa interior","Poa interior","Poa","Poaceae",268.669130434783,18.7781111111111,70.5385652173913,0.357046511627907,0.407461538461538,0.271705882352941,0.315272727272727
"Hymenothrix dissecta","Hymenothrix dissecta","Hymenothrix","Asteraceae",2328.11806886753,22.3964876098431,71.064262402084,0.760849056178615,3.04179518850559,0.260622943768837,0.185126116608892
"Chenopodium atrovirens","Chenopodium atrovirens","Chenopodium","Amaranthaceae",699.826818181818,36.0016153846154,75.1835416666667,0.557242424242424,0.671055555555556,0.1873,0.149888888888889
"Euphorbia serpillifolia","Euphorbia serpillifolia","Euphorbia","Euphorbiaceae",789.086341463415,22.9517419354839,51.1484761904762,1.30773684210526,8.58775490196078,0.273111111111111,0.266428571428571
"Euphorbia serrula","Euphorbia serrula","Euphorbia","Euphorbiaceae",789.086341463415,22.9517419354839,51.1484761904762,1.30773684210526,8.58775490196078,0.273111111111111,0.266428571428571
"Dysphania incisa","Dysphania incisa","Dysphania","Amaranthaceae",304.901666666667,14.017,70.2373333333333,0.331363636363636,0.190166666666667,0.208611945701357,0.165262488888889
"Lappula occidentalis","Lappula occidentalis","Lappula","Boraginaceae",946.59,35.2,35.6016666666667,0.33625,4.647,0.1655,0.1325
"Townsendia smithii","Townsendia smithii","Townsendia","Asteraceae",48,18.29,83.333,0.03,0.701333333333333,0.232,0.26
"Carex tristachya","Carex tristachya","Carex","Cyperaceae",1158.09631578947,19.0735,59.0618951048951,0.473540650406504,1.34332818532819,0.281952380952381,0.319527472527473
"Carex alatauensis","Carex alatauensis","Carex","Cyperaceae",1158.09631578947,19.0735,59.0618951048951,0.473540650406504,1.34332818532819,0.281952380952381,0.319527472527473
"Anaphalis xylorhiza","Anaphalis xylorhiza","Anaphalis","Asteraceae",1465.02,17.764,69.518,0.634,0.045,0.251,0.296
"Carex parvula","Carex parvula","Carex","Cyperaceae",1158.09631578947,19.0735,59.0618951048951,0.473540650406504,1.34332818532819,0.281952380952381,0.319527472527473
"Cyananthus incanus","Cyananthus incanus","Cyananthus","Campanulaceae",703.574619640387,25.5994678403931,45.049800107095,0.506361403894013,0.120107539665504,0.198279781851633,0.181822244253507
"Androsace tapete","Androsace tapete","Androsace","Primulaceae",48.7642857142857,19.49,47.2564444444444,0.0329411764705882,0.749857142857143,0.1836,0.1674
"Gentiana squarrosa","Gentiana squarrosa","Gentiana","Gentianaceae",1621.733,21.3251176470588,73.7682272727273,0.18858064516129,0.205,0.212625,0.225133333333333
"Saussurea ceterach","Saussurea ceterach","Saussurea","Asteraceae",378.116666666667,22.02175,67.6854,0.3696,3.87433333333333,0.185,0.17
"Hymenidium hookeri","Hymenidium hookeri","Hymenidium","Apiaceae",6233.72945113935,24.3950351232394,68.1634632820513,0.712731313774222,5.81168662832708,0.211010178571429,0.211449810606061
"Anemonastrum polyanthes","Anemonastrum polyanthes","Anemonastrum","Ranunculaceae",2754.14510288377,26.5518563979566,54.4621692727609,0.956240472622929,2.87288789211483,0.275238698328936,0.211875378491984
"Leontopodium",NA,"Leontopodium","Asteraceae",55,22.3964876098431,79.936,0.05,0.08,0.260622943768837,0.185126116608892
"Carex sargentiana","Carex sargentiana","Carex","Cyperaceae",1158.09631578947,19.0735,59.0618951048951,0.473540650406504,1.34332818532819,0.281952380952381,0.319527472527473
"Euphorbia pekinensis","Euphorbia pekinensis","Euphorbia","Euphorbiaceae",789.086341463415,22.9517419354839,51.1484761904762,1.30773684210526,8.58775490196078,0.273111111111111,0.266428571428571
"Oxytropis cinerascens","Oxytropis cinerascens","Oxytropis","Fabaceae",249.428333333333,37.994,74.4099166666667,0.161454545454545,2.35153333333333,0.274,0.27
"Polygonaceae",NA,NA,"Polygonaceae",6694.76061747396,28.0284381604507,69.0045073259188,2.73199764450971,18.8934284795715,0.321015013242651,0.21956266025641
"Androsace mariae","Androsace mariae","Androsace","Primulaceae",48.7642857142857,19.49,47.2564444444444,0.0329411764705882,0.749857142857143,0.1836,0.1674
"Potentilla lindleyi","Potentilla lindleyi","Potentilla","Rosaceae",549.802105263158,24.2727333333333,64.94558,0.212479452054795,0.349625,0.251346153846154,0.29975
"Rhodiola quadrifida","Rhodiola quadrifida","Rhodiola","Crassulaceae",55.22,28.922,75.349,0.1435,0.113333333333333,0.130388888888889,0.0659125
"Leontopodium japonicum","Leontopodium japonicum","Leontopodium","Asteraceae",55,22.3964876098431,79.936,0.05,0.08,0.260622943768837,0.185126116608892
"Microula sikkimensis","Microula sikkimensis","Microula","Boraginaceae",5507.77649669967,40.2,69.085,3.43628664592103,51.6208511375343,0.288302775730779,0.144946119356834
"Euphorbia stracheyi","Euphorbia stracheyi","Euphorbia","Euphorbiaceae",789.086341463415,22.9517419354839,51.1484761904762,1.30773684210526,8.58775490196078,0.273111111111111,0.266428571428571
"Lycoris radiata","Lycoris radiata","Lycoris","Amaryllidaceae",1633.90908163265,29.5276011877038,75.8452169253511,0.354175555555556,4.93097086092715,0.128184750337382,0.141559649122807
"Potentilla",NA,"Potentilla","Rosaceae",549.802105263158,24.2727333333333,64.94558,0.212479452054795,0.349625,0.251346153846154,0.29975
"Artemisia hedinii","Artemisia hedinii","Artemisia","Asteraceae",400.283548387097,24.3081282051282,72.4560571428571,0.615875,0.283704545454545,0.261333333333333,0.239857142857143
"Eritrichium hemisphaericum","Eritrichium hemisphaericum","Eritrichium","Boraginaceae",64.44,13.85,83.472,0.036,0.45,0.232,0.26
"Incarvillea sinensis","Incarvillea sinensis","Incarvillea","Bignoniaceae",5307.5151171875,23.9031327217125,77.0996150442478,15.1089426229508,0.18,0.569077579432062,0.257
"Androsace graminifolia","Androsace graminifolia","Androsace","Primulaceae",48.7642857142857,19.49,47.2564444444444,0.0329411764705882,0.749857142857143,0.1836,0.1674
"Youngia simulatrix","Youngia simulatrix","Youngia","Asteraceae",675,22.3964876098431,71.064262402084,0.74,3.04179518850559,0.260622943768837,0.185126116608892
"Arenaria roborowskii","Arenaria roborowskii","Arenaria","Caryophyllaceae",13.9566666666667,19.40225,66.581625,0.0891666666666667,0.139666666666667,0.1846,0.252
"Cyananthus hookeri","Cyananthus hookeri","Cyananthus","Campanulaceae",703.574619640387,25.5994678403931,45.049800107095,0.506361403894013,0.120107539665504,0.198279781851633,0.181822244253507
"Gentiana parvula","Gentiana parvula","Gentiana","Gentianaceae",1621.733,21.3251176470588,73.7682272727273,0.18858064516129,0.205,0.212625,0.225133333333333
"Euphorbia prolifera","Euphorbia prolifera","Euphorbia","Euphorbiaceae",789.086341463415,22.9517419354839,51.1484761904762,1.30773684210526,8.58775490196078,0.273111111111111,0.266428571428571
"Fragaria nubicola","Fragaria nubicola","Fragaria","Rosaceae",1194.50428571429,18.124,46.4795,0.135571428571429,0.443166666666667,0.258333333333333,0.3205
"Fragaria",NA,"Fragaria","Rosaceae",1194.50428571429,18.124,46.4795,0.135571428571429,0.443166666666667,0.258333333333333,0.3205
"Hordeum",NA,"Hordeum","Poaceae",940.507272727273,24.9838333333333,41.4186428571429,0.557923076923077,15.5202307692308,0.1861,0.2064
"Rubus",NA,"Rubus","Rosaceae",4700.15951219512,21.9355714285714,49.8782972972973,1.86513043478261,2.4540404040404,0.329555555555556,0.259
"Clinopodium polycephalum","Clinopodium polycephalum","Clinopodium","Lamiaceae",122.228333333333,21.5728333333333,60.393625,0.360230769230769,0.448454545454545,0.296142857142857,0.235
"Epilobium fangii","Epilobium fangii","Epilobium","Onagraceae",712.055217391304,23.7965454545455,45.941,0.490064516129032,0.1330625,0.201578947368421,0.209611111111111
"Geranium pylzowianum","Geranium pylzowianum","Geranium","Geraniaceae",2808.18482758621,23.0419375,45.3383913043478,0.405717948717949,4.46577777777778,0.209444444444444,0.2090625
"Juncus leucanthus","Juncus leucanthus","Juncus","Juncaceae",478.6275,17.2594,122.356714285714,0.49558064516129,0.0321086956521739,0.239173913043478,0.2743
"Ligusticopsis scapiformis","Ligusticopsis scapiformis","Ligusticopsis","Apiaceae",6233.72945113935,24.3950351232394,68.1634632820513,0.712731313774222,5.81168662832708,0.211010178571429,0.211449810606061
"Oxytropis yunnanensis","Oxytropis yunnanensis","Oxytropis","Fabaceae",249.428333333333,37.994,74.4099166666667,0.161454545454545,2.35153333333333,0.274,0.27
"Pedicularis sima","Pedicularis sima","Pedicularis","Orobanchaceae",432.588181818182,25.8529473684211,68.595125,0.216921052631579,1.194,0.206818181818182,0.211727272727273
"Polygonum cyanandrum","Polygonum cyanandrum","Polygonum","Polygonaceae",375.476666666667,29.8359090909091,59.7907,0.501304347826087,2.89017391304348,0.30825,0.2655
"Potentilla leuconota","Potentilla leuconota","Potentilla","Rosaceae",549.802105263158,24.2727333333333,64.94558,0.212479452054795,0.349625,0.251346153846154,0.29975
"Veronica szechuanica","Veronica szechuanica","Veronica","Plantaginaceae",459.051351351351,22.8476666666667,41.03671875,0.2358,0.388903846153846,0.194366666666667,0.181148148148148
"Allium prattii","Allium prattii","Allium","Amaryllidaceae",1219.20535714286,29.6371578947368,82.2366363636364,0.356092592592593,3.11611290322581,0.131230769230769,0.145
"Hedysarum algidum","Hedysarum algidum","Hedysarum","Fabaceae",387.275,35.24375,45.82,0.42475,6.958,0.199,0.21875
"Maianthemum japonicum","Maianthemum japonicum","Maianthemum","Asparagaceae",3154.9575,21.6215,38.4833333333333,0.47525,19.2503333333333,0.2175,0.2415
"Agrostis nervosa","Agrostis nervosa","Agrostis","Poaceae",129.315454545455,20.1432727272727,62.0117857142857,0.418611111111111,0.0728947368421053,0.287181818181818,0.3265
"Galearis spathulata","Galearis spathulata","Galearis","Orchidaceae",2528.55376297814,21.9912801282051,55.7929914797009,0.17,0.004,0.118016501650165,0.1248335
"Ligularia pleurocaulis","Ligularia pleurocaulis","Ligularia","Asteraceae",5751.485,21.317,67.701,0.760849056178615,1.856,0.211,0.22
"Potentilla stenophylla","Potentilla stenophylla","Potentilla","Rosaceae",549.802105263158,24.2727333333333,64.94558,0.212479452054795,0.349625,0.251346153846154,0.29975
"Soroseris hookeriana","Soroseris hookeriana","Soroseris","Asteraceae",2328.11806886753,22.3964876098431,71.064262402084,0.760849056178615,3.04179518850559,0.260622943768837,0.185126116608892
"Swertia macrosperma","Swertia macrosperma","Swertia","Gentianaceae",3323.205,23.17,52.206,0.60225,0.18375,0.169,0.14
"Viola szetschwanensis","Viola szetschwanensis","Viola","Violaceae",803.314358974359,23.1401071428571,42.049,0.154951612903226,1.5665,0.194962962962963,0.194
"Rhodiola yunnanensis","Rhodiola yunnanensis","Rhodiola","Crassulaceae",55.22,28.922,75.349,0.1435,0.113333333333333,0.130388888888889,0.0659125
"Cerastium szechuense","Cerastium szechuense","Cerastium","Caryophyllaceae",53.5204545454545,22.1659230769231,41.2543,0.171387096774194,0.2795,0.185722222222222,0.158384615384615
"Gentiana crassuloides","Gentiana crassuloides","Gentiana","Gentianaceae",1621.733,21.3251176470588,73.7682272727273,0.18858064516129,0.205,0.212625,0.225133333333333
"Pedicularis mussotii","Pedicularis mussotii","Pedicularis","Orobanchaceae",432.588181818182,25.8529473684211,68.595125,0.216921052631579,1.194,0.206818181818182,0.211727272727273
"Androsace minor","Androsace minor","Androsace","Primulaceae",48.7642857142857,19.49,47.2564444444444,0.0329411764705882,0.749857142857143,0.1836,0.1674
"Berberis jamesiana","Berberis jamesiana","Berberis","Berberidaceae",1551.70666666667,16.3465384615385,112.091454545455,1.80666666666667,12.85053125,0.688666666666667,0.214
"Aletris pauciflora","Aletris pauciflora","Aletris","Nartheciaceae",1087,24.146,40.108,1,0.0133333333333333,0.136,0.15
"Carex cercostachys","Carex cercostachys","Carex","Cyperaceae",1158.09631578947,19.0735,59.0618951048951,0.473540650406504,1.34332818532819,0.281952380952381,0.319527472527473
"Saussurea graminea","Saussurea graminea","Saussurea","Asteraceae",378.116666666667,22.02175,67.6854,0.3696,3.87433333333333,0.185,0.17
"Tanacetum tatsienense","Tanacetum tatsienense","Tanacetum","Asteraceae",4186.38666666667,19.786,38.8971666666667,0.583066666666667,0.339384615384615,0.275666666666667,0.17
"Parnassia",NA,"Parnassia","Celastraceae",307.675,16.751,47.9565,0.235,0.0823333333333333,0.29,0.225495616695487
"Anemonastrum demissum","Anemonastrum demissum","Anemonastrum","Ranunculaceae",2754.14510288377,26.5518563979566,54.4621692727609,0.956240472622929,2.87288789211483,0.275238698328936,0.211875378491984
"Sibbaldia pentaphylla","Sibbaldia pentaphylla","Sibbaldia","Rosaceae",160.36,25.179,74.9115,0.036,0.51,0.275,0.342
"Pedicularis rhynchodonta","Pedicularis rhynchodonta","Pedicularis","Orobanchaceae",432.588181818182,25.8529473684211,68.595125,0.216921052631579,1.194,0.206818181818182,0.211727272727273
"Rhododendron websterianum","Rhododendron websterianum","Rhododendron","Ericaceae",3081.18857142857,13.3730740740741,106.618375,4.29690173410405,0.228676470588235,0.491833333333333,0.265145833333333
"Salix lindleyana","Salix lindleyana","Salix","Salicaceae",739.105283018868,23.7914833333333,78.9778214285714,5.18104294478528,0.173465517241379,0.428666666666667,0.225495616695487
"Saussurea pachyneura","Saussurea pachyneura","Saussurea","Asteraceae",378.116666666667,22.02175,67.6854,0.3696,3.87433333333333,0.185,0.17
"Anaphalis flavescens","Anaphalis flavescens","Anaphalis","Asteraceae",1465.02,17.764,69.518,0.634,0.045,0.251,0.296
"Aster asteroides","Aster asteroides","Aster","Asteraceae",1222.52666666667,24.123375,60.204,0.6116,0.4718,0.236,0.3098
"Chamaesium viridiflorum","Chamaesium viridiflorum","Chamaesium","Apiaceae",6233.72945113935,24.3950351232394,68.1634632820513,0.712731313774222,5.81168662832708,0.211010178571429,0.211449810606061
"Codonopsis foetens","Codonopsis foetens","Codonopsis","Campanulaceae",703.574619640387,25.5994678403931,45.049800107095,0.506361403894013,0.325,0.198279781851633,0.181822244253507
"Rheum pumilum","Rheum pumilum","Rheum","Polygonaceae",8069.5,34.9935,76.3875,0.463,31.8125,0.321015013242651,0.21956266025641
"Juncus allioides","Juncus allioides","Juncus","Juncaceae",478.6275,17.2594,122.356714285714,0.49558064516129,0.0321086956521739,0.239173913043478,0.2743
"Pedicularis davidii","Pedicularis davidii","Pedicularis","Orobanchaceae",432.588181818182,25.8529473684211,68.595125,0.216921052631579,1.194,0.206818181818182,0.211727272727273
"Polygonum runcinatum","Polygonum runcinatum","Polygonum","Polygonaceae",375.476666666667,29.8359090909091,59.7907,0.501304347826087,2.89017391304348,0.30825,0.2655
"Carpesium humile","Carpesium humile","Carpesium","Asteraceae",2328.11806886753,22.3964876098431,71.064262402084,0.554,0.6,0.260622943768837,0.185126116608892
"Juncus himalensis","Juncus himalensis","Juncus","Juncaceae",478.6275,17.2594,122.356714285714,0.49558064516129,0.0321086956521739,0.239173913043478,0.2743
"Artemisia flaccida","Artemisia flaccida","Artemisia","Asteraceae",400.283548387097,24.3081282051282,72.4560571428571,0.615875,0.283704545454545,0.261333333333333,0.239857142857143
"Youngia racemifera","Youngia racemifera","Youngia","Asteraceae",675,22.3964876098431,71.064262402084,0.74,3.04179518850559,0.260622943768837,0.185126116608892
"Anaphalis aureopunctata","Anaphalis aureopunctata","Anaphalis","Asteraceae",1465.02,17.764,69.518,0.634,0.045,0.251,0.296
"Arisaema parvum","Arisaema parvum","Arisaema","Araceae",6946.4,29.401,25.705,0.474,24.251875,0.063,0.068
"Notholirion bulbuliferum","Notholirion bulbuliferum","Notholirion","Liliaceae",2271.74352320675,30.2152361111111,46.7801889671361,0.429697222222222,3.91961173135921,0.118053385416667,0.129822916666667
"Parasenecio latipes","Parasenecio latipes","Parasenecio","Asteraceae",8000,41.04,18.801,0.6,3.04179518850559,0.260622943768837,0.185126116608892
"Polygonatum cirrhifolium","Polygonatum cirrhifolium","Polygonatum","Asparagaceae",2005.44666666667,25.716,27.5896,0.78425,24.6596,0.144666666666667,0.14
"Rhodiola fastigiata","Rhodiola fastigiata","Rhodiola","Crassulaceae",55.22,28.922,75.349,0.1435,0.113333333333333,0.130388888888889,0.0659125
"Primula serratifolia","Primula serratifolia","Primula","Primulaceae",1525.311,23.799875,53.9176842105263,0.0981111111111111,0.2951,0.180625,0.161875
"Athyrium spinulosum","Athyrium spinulosum","Athyrium","Aspleniaceae",55.895,26.8783333333333,62.5545,0.423666666666667,0,0.3,0.225495616695487
"Sedum triactina","Sedum triactina","Sedum","Crassulaceae",27.2446666666667,13.5016,55.6082,0.0691666666666667,0.03715,0.134,0.0728
"Morina nepalensis","Morina nepalensis","Morina","Caprifoliaceae",1954.39571843251,20.2600687260536,61.6217280981358,1.39843057074504,17.15,0.261159111111111,0.213678571428571
"Euphorbia",NA,"Euphorbia","Euphorbiaceae",789.086341463415,22.9517419354839,51.1484761904762,1.30773684210526,8.58775490196078,0.273111111111111,0.266428571428571
"Allium sikkimense","Allium sikkimense","Allium","Amaryllidaceae",1219.20535714286,29.6371578947368,82.2366363636364,0.356092592592593,3.11611290322581,0.131230769230769,0.145
"Fargesia",NA,"Fargesia","Poaceae",1309.99222096889,17.6774739184002,79.5134552918065,5.59757142857143,3.22384844340583,0.304359958590127,0.333860312096643
"Saussurea stella","Saussurea stella","Saussurea","Asteraceae",378.116666666667,22.02175,67.6854,0.3696,3.87433333333333,0.185,0.17
"Lomatogonium macranthum","Lomatogonium macranthum","Lomatogonium","Gentianaceae",2731.35091869919,21.2695110294118,60.8496392676768,0.043,0.001,0.243301041666667,0.201206666666667
"Primula deflexa","Primula deflexa","Primula","Primulaceae",1525.311,23.799875,53.9176842105263,0.0981111111111111,0.2951,0.180625,0.161875
"Myriactis nepalensis","Myriactis nepalensis","Myriactis","Asteraceae",2328.11806886753,22.3964876098431,71.064262402084,0.760849056178615,3.04179518850559,0.260622943768837,0.185126116608892
"Gentiana trichotoma","Gentiana trichotoma","Gentiana","Gentianaceae",1621.733,21.3251176470588,73.7682272727273,0.18858064516129,0.205,0.212625,0.225133333333333
"Thalictrum javanicum","Thalictrum javanicum","Thalictrum","Ranunculaceae",3888.28153846154,23.5947777777778,48.6930714285714,0.64447619047619,1.90352941176471,0.24175,0.254333333333333
"Eriocapitella rivularis","Eriocapitella rivularis","Eriocapitella","Ranunculaceae",2754.14510288377,26.5518563979566,54.4621692727609,0.956240472622929,2.87288789211483,0.275238698328936,0.211875378491984
"Maianthemum henryi","Maianthemum henryi","Maianthemum","Asparagaceae",3154.9575,21.6215,38.4833333333333,0.47525,19.2503333333333,0.2175,0.2415
"Carex scabrirostris","Carex scabrirostris","Carex","Cyperaceae",1158.09631578947,19.0735,59.0618951048951,0.473540650406504,1.34332818532819,0.281952380952381,0.319527472527473
"Euphrasia regelii","Euphrasia regelii","Euphrasia","Orobanchaceae",42.894,40.94275,46.9026666666667,0.143266666666667,0.164055555555556,0.228777777777778,0.253444444444444
"Gentiana grumii","Gentiana grumii","Gentiana","Gentianaceae",1621.733,21.3251176470588,73.7682272727273,0.18858064516129,0.205,0.212625,0.225133333333333
"Halerpestes tricuspis","Halerpestes tricuspis","Halerpestes","Ranunculaceae",2754.14510288377,25.563,58.72,0.18,0.059,0.275238698328936,0.211875378491984
"Saussurea pulchra","Saussurea pulchra","Saussurea","Asteraceae",378.116666666667,22.02175,67.6854,0.3696,3.87433333333333,0.185,0.17
"Trichophorum distigmaticum","Trichophorum distigmaticum","Trichophorum","Cyperaceae",106.24,17.645,125.09,0.149666666666667,0.2795,0.3025,0.3375
"Pedicularis kansuensis","Pedicularis kansuensis","Pedicularis","Orobanchaceae",432.588181818182,25.8529473684211,68.595125,0.216921052631579,1.194,0.206818181818182,0.211727272727273
"Allium beesianum","Allium beesianum","Allium","Amaryllidaceae",1219.20535714286,29.6371578947368,82.2366363636364,0.356092592592593,3.11611290322581,0.131230769230769,0.145
"Aster diplostephioides","Aster diplostephioides","Aster","Asteraceae",1222.52666666667,24.123375,60.204,0.6116,0.4718,0.236,0.3098
"Oxytropis kansuensis","Oxytropis kansuensis","Oxytropis","Fabaceae",249.428333333333,37.994,74.4099166666667,0.161454545454545,2.35153333333333,0.274,0.27
"Trollius farreri","Trollius farreri","Trollius","Ranunculaceae",3739.12,23.962,67.1103333333333,0.4255,0.68925,0.194,0.187
"Cardamine tangutorum","Cardamine tangutorum","Cardamine","Brassicaceae",2946.07666666667,37.9654,34.6108947368421,0.306535714285714,1.02962962962963,0.181,0.162733333333333
"Leontopodium nanum","Leontopodium nanum","Leontopodium","Asteraceae",55,22.3964876098431,79.936,0.05,0.08,0.260622943768837,0.185126116608892
"Micranthes atrata","Micranthes atrata","Micranthes","Saxifragaceae",780.992212566845,16.8993219315895,65.4886227106227,0.229364395604396,0.099187106918239,0.19373951048951,0.186564685314685
"Tibetia himalaica","Tibetia himalaica","Tibetia","Fabaceae",2333.64554545023,28.50216464848,96.1739475186665,6.94960844970125,635.208255081909,0.549308873364474,0.232318300653595
"Morina chinensis","Morina chinensis","Morina","Caprifoliaceae",1954.39571843251,20.2600687260536,61.6217280981358,1.39843057074504,17.15,0.261159111111111,0.213678571428571
"Iris potaninii","Iris potaninii","Iris","Iridaceae",6071.64181818182,18.1412,85.5632727272727,0.459954545454545,23.6763076923077,0.228333333333333,0.2302
"Saussurea nigrescens","Saussurea nigrescens","Saussurea","Asteraceae",378.116666666667,22.02175,67.6854,0.3696,3.87433333333333,0.185,0.17
"Veronica ciliata","Veronica ciliata","Veronica","Plantaginaceae",459.051351351351,22.8476666666667,41.03671875,0.2358,0.388903846153846,0.194366666666667,0.181148148148148
"Gentianella",NA,"Gentianella","Gentianaceae",1187.208,21.06675,43.2265833333333,0.1285,0.156894736842105,0.187888888888889,0.185625
"Elsholtzia densa","Elsholtzia densa","Elsholtzia","Lamiaceae",3158.5644899938,30.6,59.2493590175403,0.79,0.425,0.324001848284029,0.208396690307329
"Comastoma pulmonarium","Comastoma pulmonarium","Comastoma","Gentianaceae",2731.35091869919,21.2695110294118,60.8496392676768,0.038,0.457394821390826,0.243301041666667,0.201206666666667
"Carex capillifolia","Carex capillifolia","Carex","Cyperaceae",1158.09631578947,19.0735,59.0618951048951,0.473540650406504,1.34332818532819,0.281952380952381,0.319527472527473
"Gentiana aristata","Gentiana aristata","Gentiana","Gentianaceae",1621.733,21.3251176470588,73.7682272727273,0.18858064516129,0.205,0.212625,0.225133333333333
"Saussurea katochaete","Saussurea katochaete","Saussurea","Asteraceae",378.116666666667,22.02175,67.6854,0.3696,3.87433333333333,0.185,0.17
"Lomatogonium rotatum","Lomatogonium rotatum","Lomatogonium","Gentianaceae",2731.35091869919,21.2695110294118,60.8496392676768,0.043,0.001,0.243301041666667,0.201206666666667
"Chrysosplenium pilosum","Chrysosplenium pilosum","Chrysosplenium","Saxifragaceae",214.325,24.2866666666667,35.011,0.121,0.06775,0.1575,0.1175
"Hansenia weberbaueriana","Hansenia weberbaueriana","Hansenia","Apiaceae",6233.72945113935,24.3950351232394,68.1634632820513,0.712731313774222,5.81168662832708,0.211010178571429,0.211449810606061
"Poa alberti","Poa alberti","Poa","Poaceae",268.669130434783,18.7781111111111,70.5385652173913,0.357046511627907,0.407461538461538,0.271705882352941,0.315272727272727
"Calamagrostis tripilifera","Calamagrostis tripilifera","Calamagrostis","Poaceae",1002.10166666667,17.9773,51.1188,0.788214285714286,0.26805,0.311428571428571,0.3094
"Pomatosace filicula","Pomatosace filicula","Pomatosace","Primulaceae",4610.80263570719,18.5779640421307,68.6389351575893,3.14528072689569,28.7924756999796,0.378378394113327,0.172812353629977
"Ajania przewalskii","Ajania przewalskii","Ajania","Asteraceae",16.5,13.9185,113.169666666667,0.125,3.04179518850559,0.260622943768837,0.185126116608892
"Hippophae rhamnoides","Hippophae rhamnoides","Hippophae","Elaeagnaceae",2064.06166666667,39.031,78.864,5.5,73.1581947368421,0.477,0.225495616695487
"Anaphalis lactea","Anaphalis lactea","Anaphalis","Asteraceae",1465.02,17.764,69.518,0.634,0.045,0.251,0.296
"Carex thibetica","Carex thibetica","Carex","Cyperaceae",1158.09631578947,19.0735,59.0618951048951,0.473540650406504,1.34332818532819,0.281952380952381,0.319527472527473
"Carex kansuensis","Carex kansuensis","Carex","Cyperaceae",1158.09631578947,19.0735,59.0618951048951,0.473540650406504,1.34332818532819,0.281952380952381,0.319527472527473
"Carex lehmannii","Carex lehmannii","Carex","Cyperaceae",1158.09631578947,19.0735,59.0618951048951,0.473540650406504,1.34332818532819,0.281952380952381,0.319527472527473
"Coluria longifolia","Coluria longifolia","Coluria","Rosaceae",2523.33828019681,20.7342719156818,71.9478639538747,3.85103606336279,110.08271349558,0.484213348424476,0.274019742310889
"Viola philippica","Viola philippica","Viola","Violaceae",803.314358974359,23.1401071428571,42.049,0.154951612903226,1.5665,0.194962962962963,0.194
"Gentianella azurea","Gentianella azurea","Gentianella","Gentianaceae",1187.208,21.06675,43.2265833333333,0.1285,0.156894736842105,0.187888888888889,0.185625
"Morina kokonorica","Morina kokonorica","Morina","Caprifoliaceae",1954.39571843251,20.2600687260536,61.6217280981358,1.39843057074504,17.15,0.261159111111111,0.213678571428571
"Iris tectorum","Iris tectorum","Iris","Iridaceae",6071.64181818182,18.1412,85.5632727272727,0.459954545454545,23.6763076923077,0.228333333333333,0.2302
"Delphinium trichophorum","Delphinium trichophorum","Delphinium","Ranunculaceae",1032.4925,28.36,66.5715714285714,0.688266666666667,2.31741666666667,0.267,0.326
"Hansenia forbesii","Hansenia forbesii","Hansenia","Apiaceae",6233.72945113935,24.3950351232394,68.1634632820513,0.712731313774222,5.81168662832708,0.211010178571429,0.211449810606061
"Viola hamiltoniana","Viola hamiltoniana","Viola","Violaceae",803.314358974359,23.1401071428571,42.049,0.154951612903226,1.5665,0.194962962962963,0.194
"Geranium wilfordii","Geranium wilfordii","Geranium","Geraniaceae",2808.18482758621,23.0419375,45.3383913043478,0.405717948717949,4.46577777777778,0.209444444444444,0.2090625
"Meconopsis horridula","Meconopsis horridula","Meconopsis","Papaveraceae",3804.1355,36.7,80.613,0.470366073890267,0.18,0.177859523809524,0.156764285714286
"Arenaria hispanica","Arenaria hispanica","Arenaria","Caryophyllaceae",13.9566666666667,19.40225,66.581625,0.0891666666666667,0.139666666666667,0.1846,0.252
"Alchemilla crinita","Alchemilla crinita","Alchemilla","Rosaceae",1683.372,23.6595555555556,58.22465,0.219571428571429,0.391357142857143,0.222857142857143,0.26125
"Cerastium holosteoides","Cerastium holosteoides","Cerastium","Caryophyllaceae",53.5204545454545,22.1659230769231,41.2543,0.171387096774194,0.2795,0.185722222222222,0.158384615384615
"Rumex arifolius","Rumex arifolius","Rumex","Polygonaceae",9126.26551724138,33.6365833333333,48.8582916666667,0.645121951219512,1.69957142857143,0.188764705882353,0.146666666666667
"Apicaceae",NA,NA,"Apicaceae",1627.75901731022,23.8683397033147,58.8006574857551,0.660406093191428,7.25450018238056,0.23998221963781,0.225495616695487
"Jacobaea alpina","Jacobaea alpina","Jacobaea","Asteraceae",2398.205,20.241,54.43625,0.493545454545455,0.499166666666667,0.209,0.164333333333333
"Bromus",NA,"Bromus","Poaceae",801.528709677419,23.0752857142857,49.2562727272727,0.547227272727273,4.72755357142857,0.250185185185185,0.267761904761905
"Cyperaceae",NA,NA,"Cyperaceae",1497.55937697609,17.0705356897398,79.2281383474231,0.557749995108941,1.72285961162828,0.252470577720578,0.285675163587702
"Crepis",NA,"Crepis","Asteraceae",1717.83066666667,23.9976,42.2125882352941,0.299972972972973,1.85523333333333,0.170714285714286,0.1534
"Bistorta officinalis","Bistorta officinalis","Bistorta","Polygonaceae",3760,36.252,82.645,0.45,1.844,0.321015013242651,0.21956266025641
"Rhinanthus major","Rhinanthus major","Rhinanthus","Orobanchaceae",87.9566666666667,33.444,48.89325,0.278307692307692,2.6244,0.23025,0.25625
"Valeriana locusta","Valeriana locusta","Valeriana","Caprifoliaceae",2092.76384615385,20.014,56.0976666666667,0.406285714285714,0.979666666666667,0.175333333333333,0.1515
"Vicia setifolia","Vicia setifolia","Vicia","Fabaceae",186.54375,40.146,38.6260434782609,0.517842105263158,55.861487804878,0.198105263157895,0.214533333333333
"Rosaceae",NA,NA,"Rosaceae",2523.33828019681,20.7342719156818,71.9478639538747,3.85103606336279,110.08271349558,0.484213348424476,0.274019742310889
"Patzkea paniculata","Patzkea paniculata","Patzkea","Poaceae",1309.99222096889,17.6774739184002,79.5134552918065,1.57239145432723,3.22384844340583,0.304359958590127,0.333860312096643
"Centaurea",NA,"Centaurea","Asteraceae",1714.68833333333,23.6638666666667,57.1098214285714,0.428222222222222,5.21859523809524,0.218916666666667,0.176684210526316
"Cicerbita alpina","Cicerbita alpina","Cicerbita","Asteraceae",2328.11806886753,22.3964876098431,71.064262402084,0.760849056178615,3.04179518850559,0.260622943768837,0.185126116608892
"Epilobium lactiflorum","Epilobium lactiflorum","Epilobium","Onagraceae",712.055217391304,23.7965454545455,45.941,0.490064516129032,0.1330625,0.201578947368421,0.209611111111111
"Alopecurus gerardi","Alopecurus gerardi","Alopecurus","Poaceae",411.758888888889,26.8343333333333,47.054125,0.393692307692308,0.856230769230769,0.239,0.21175
"Androsace vitaliana","Androsace vitaliana","Androsace","Primulaceae",48.7642857142857,19.49,47.2564444444444,0.0329411764705882,0.749857142857143,0.1836,0.1674
"Alchemilla flabellata","Alchemilla flabellata","Alchemilla","Rosaceae",1683.372,23.6595555555556,58.22465,0.219571428571429,0.391357142857143,0.222857142857143,0.26125
"Helictochloa versicolor","Helictochloa versicolor","Helictochloa","Poaceae",1309.99222096889,17.6774739184002,79.5134552918065,1.57239145432723,3.22384844340583,0.304359958590127,0.333860312096643
"Pilosella",NA,"Pilosella","Asteraceae",939.898888888889,16.9832,45.0851111111111,0.2545,0.285,0.180222222222222,0.17
"Lotus",NA,"Lotus","Fabaceae",467.917142857143,34.393,61.0229090909091,0.313333333333333,2.25002777777778,0.210125,0.18475
"Leucanthemum",NA,"Leucanthemum","Asteraceae",543.486,24.235,48.792,0.4765,0.454,0.1685,0.13825
"Anemonoides baldensis","Anemonoides baldensis","Anemonoides","Ranunculaceae",2754.14510288377,26.5518563979566,54.4621692727609,0.956240472622929,2.87288789211483,0.275238698328936,0.211875378491984
"Pedicularis",NA,"Pedicularis","Orobanchaceae",432.588181818182,25.8529473684211,68.595125,0.216921052631579,1.194,0.206818181818182,0.211727272727273
"Minuartia",NA,"Minuartia","Caryophyllaceae",6.61,23.89625,61.982,0.0751363636363636,0.241526315789474,0.2394,0.2738
"Alchemilla alpigena","Alchemilla alpigena","Alchemilla","Rosaceae",1683.372,23.6595555555556,58.22465,0.219571428571429,0.391357142857143,0.222857142857143,0.26125
"Siler montanum","Siler montanum","Siler","Apiaceae",6233.72945113935,24.3950351232394,68.1634632820513,0.712731313774222,5.81168662832708,0.211010178571429,0.211449810606061
"Bupleurum",NA,"Bupleurum","Apiaceae",886.397272727273,18.508375,74.9586363636364,0.485909090909091,2.55642105263158,0.257,0.307666666666667
"Lilium",NA,"Lilium","Liliaceae",2274.76,33.636,41.6996666666667,0.704222222222222,4.95970588235294,0.116666666666667,0.128666666666667
"Crepis pontana","Crepis pontana","Crepis","Asteraceae",1717.83066666667,23.9976,42.2125882352941,0.299972972972973,1.85523333333333,0.170714285714286,0.1534
