"Name_submitted","name_species","Species","Genus","Family"
"Agrostis capillaris","Agrostis capillaris","Agrostis capillaris","Agrostis","Poaceae"
"Alchemilla alpina","Alchemilla alpina","Alchemilla alpina","Alchemilla","Rosaceae"
"Alchemilla sp","Alchemilla",NA,"Alchemilla","Rosaceae"
"Anthoxanthum odoratum","Anthoxanthum odoratum","Anthoxanthum odoratum","Anthoxanthum","Poaceae"
"Astragalus alpinus","Astragalus alpinus","Astragalus alpinus","Astragalus","Fabaceae"
"Bistorta vivipara","Bistorta vivipara","Bistorta vivipara","Bistorta","Polygonaceae"
"Campanula rotundifolia","Campanula rotundifolia","Campanula rotundifolia","Campanula","Campanulaceae"
"Carex vaginata","Carex vaginata","Carex vaginata","Carex","Cyperaceae"
"Cerastium fontanum","Cerastium fontanum","Cerastium fontanum","Cerastium","Caryophyllaceae"
"Festuca rubra","Festuca rubra","Festuca rubra","Festuca","Poaceae"
"Gentiana nivalis","Gentiana nivalis","Gentiana nivalis","Gentiana","Gentianaceae"
"NID.seedling",NA,NA,NA,NA
"Omalotheca supina","Omalotheca supina","Omalotheca supina","Omalotheca","Asteraceae"
"Phleum alpinum","Phleum alpinum","Phleum alpinum","Phleum","Poaceae"
"Poa alpina","Poa alpina","Poa alpina","Poa","Poaceae"
"Poa pratensis","Poa pratensis","Poa pratensis","Poa","Poaceae"
"Ranunculus acris","Ranunculus acris","Ranunculus acris","Ranunculus","Ranunculaceae"
"Rumex acetosella","Rumex acetosella","Rumex acetosella","Rumex","Polygonaceae"
"Sagina sp.","Sagina",NA,"Sagina","Caryophyllaceae"
"Salix herbacea","Salix herbacea","Salix herbacea","Salix","Salicaceae"
"Saussurea alpina","Saussurea alpina","Saussurea alpina","Saussurea","Asteraceae"
"Sibbaldia procumbens","Sibbaldia procumbens","Sibbaldia procumbens","Sibbaldia","Rosaceae"
"Taraxacum sp.","Taraxacum",NA,"Taraxacum","Asteraceae"
"Thalictrum alpinum","Thalictrum alpinum","Thalictrum alpinum","Thalictrum","Ranunculaceae"
"Veronica alpina","Veronica alpina","Veronica alpina","Veronica","Plantaginaceae"
"Viola biflora","Viola biflora","Viola biflora","Viola","Violaceae"
"Antennaria dioica","Antennaria dioica","Antennaria dioica","Antennaria","Asteraceae"
"Cerastium alpinum","Cerastium alpinum","Cerastium alpinum","Cerastium","Caryophyllaceae"
"Festuca ovina","Festuca ovina","Festuca ovina","Festuca","Poaceae"
"Selaginella selaginoides","Selaginella selaginoides","Selaginella selaginoides","Selaginella","Selaginellaceae"
"Avenella flexuosa","Avenella flexuosa","Avenella flexuosa","Avenella","Poaceae"
"Carex capillaris","Carex capillaris","Carex capillaris","Carex","Cyperaceae"
"Carex norvegica","Carex norvegica","Carex norvegica","Carex","Cyperaceae"
"Erigeron uniflorus","Erigeron uniflorus","Erigeron uniflorus","Erigeron","Asteraceae"
"Leontodon autumnalis","Scorzoneroides autumnalis","Scorzoneroides autumnalis","Scorzoneroides","Asteraceae"
"Carex bigelowii","Carex bigelowii","Carex bigelowii","Carex","Cyperaceae"
"Potentilla crantzii","Potentilla crantzii","Potentilla crantzii","Potentilla","Rosaceae"
"Vaccinium myrtillus","Vaccinium myrtillus","Vaccinium myrtillus","Vaccinium","Ericaceae"
"Gentianella amarella","Gentianella amarella","Gentianella amarella","Gentianella","Gentianaceae"
"Luzula multiflora","Luzula multiflora","Luzula multiflora","Luzula","Juncaceae"
"Achillea millefolium","Achillea millefolium","Achillea millefolium","Achillea","Asteraceae"
"Hieracium pilosella","Pilosella officinarum","Pilosella officinarum","Pilosella","Asteraceae"
"Hypericum maculatum","Hypericum maculatum","Hypericum maculatum","Hypericum","Hypericaceae"
"Knautia arvensis","Knautia arvensis","Knautia arvensis","Knautia","Caprifoliaceae"
"Lotus corniculatus","Lotus corniculatus","Lotus corniculatus","Lotus","Fabaceae"
"Prunella vulgaris","Prunella vulgaris","Prunella vulgaris","Prunella","Lamiaceae"
"Trifolium repens","Trifolium repens","Trifolium repens","Trifolium","Fabaceae"
"Viola riviniana","Viola riviniana","Viola riviniana","Viola","Violaceae"
"Rhinanthus minor","Rhinanthus minor","Rhinanthus minor","Rhinanthus","Orobanchaceae"
"Rumex acetosa","Rumex acetosa","Rumex acetosa","Rumex","Polygonaceae"
"Trifolium medium","Trifolium medium","Trifolium medium","Trifolium","Fabaceae"
"Veronica officinalis","Veronica officinalis","Veronica officinalis","Veronica","Plantaginaceae"
"Botrychium lunaria","Botrychium lunaria","Botrychium lunaria","Botrychium","Ophioglossaceae"
"Geranium sylvaticum","Geranium sylvaticum","Geranium sylvaticum","Geranium","Geraniaceae"
"Silene vulgaris","Silene vulgaris","Silene vulgaris","Silene","Caryophyllaceae"
"Trifolium pratense","Trifolium pratense","Trifolium pratense","Trifolium","Fabaceae"
"Viola canina","Viola canina","Viola canina","Viola","Violaceae"
"Carex pilulifera","Carex pilulifera","Carex pilulifera","Carex","Cyperaceae"
"Deschampsia cespitosa","Deschampsia cespitosa","Deschampsia cespitosa","Deschampsia","Poaceae"
"Carum carvi","Carum carvi","Carum carvi","Carum","Apiaceae"
"Pyrola sp.","Pyrola",NA,"Pyrola","Ericaceae"
"Carex pallescens","Carex pallescens","Carex pallescens","Carex","Cyperaceae"
"Carex sp.","Carex",NA,"Carex","Cyperaceae"
"Carex sp1??","Carex",NA,"Carex","Cyperaceae"
"Veronica serpyllifolia","Veronica serpyllifolia","Veronica serpyllifolia","Veronica","Plantaginaceae"
"Phleum pratense","Phleum pratense","Phleum pratense","Phleum","Poaceae"
"Dianthus deltoides","Dianthus deltoides","Dianthus deltoides","Dianthus","Caryophyllaceae"
"Epilobium sp.","Epilobium",NA,"Epilobium","Onagraceae"
"Silene acaulis","Silene acaulis","Silene acaulis","Silene","Caryophyllaceae"
"Euphrasia sp.","Euphrasia",NA,"Euphrasia","Orobanchaceae"
"Minuartia biflora","Minuartia biflora","Minuartia biflora","Minuartia","Caryophyllaceae"
"Veronica fruticans","Veronica fruticans","Veronica fruticans","Veronica","Plantaginaceae"
"Gentiana sp","Gentiana",NA,"Gentiana","Gentianaceae"
"Carex atrata","Carex atrata","Carex atrata","Carex","Cyperaceae"
"Luzula spicata","Luzula spicata","Luzula spicata","Luzula","Juncaceae"
"Vaccinium vitis-idaea","Vaccinium vitis-idaea","Vaccinium vitis-idaea","Vaccinium","Ericaceae"
"Gentianella campestris","Gentianella campestris","Gentianella campestris","Gentianella","Gentianaceae"
"Potentilla erecta","Potentilla erecta","Potentilla erecta","Potentilla","Rosaceae"
"Carex nigra","Carex nigra","Carex nigra","Carex","Cyperaceae"
"Omalotheca norvegica","Omalotheca norvegica","Omalotheca norvegica","Omalotheca","Asteraceae"
"Phyllodoce caerulea","Phyllodoce caerulea","Phyllodoce caerulea","Phyllodoce","Ericaceae"
"Empetrum hermaphroditum","Empetrum nigrum","Empetrum nigrum","Empetrum","Ericaceae"
"Luzula sp.","Luzula",NA,"Luzula","Juncaceae"
"Viola tricolor","Viola tricolor","Viola tricolor","Viola","Violaceae"
"Noccaea caerulescens","Noccaea caerulescens","Noccaea caerulescens","Noccaea","Brassicaceae"
"Pimpinella saxifraga","Pimpinella saxifraga","Pimpinella saxifraga","Pimpinella","Apiaceae"
"Sedum acre","Sedum acre","Sedum acre","Sedum","Crassulaceae"
"Veronica chamaedrys","Veronica chamaedrys","Veronica chamaedrys","Veronica","Plantaginaceae"
"Stellaria graminea","Stellaria graminea","Stellaria graminea","Stellaria","Caryophyllaceae"
"Veronica sp.","Veronica",NA,"Veronica","Plantaginaceae"
"Linaria vulgaris","Linaria vulgaris","Linaria vulgaris","Linaria","Plantaginaceae"
"Luzula pilosa","Luzula pilosa","Luzula pilosa","Luzula","Juncaceae"
"Leucanthemum vulgare","Leucanthemum vulgare","Leucanthemum vulgare","Leucanthemum","Asteraceae"
"Melampyrum sylvaticum","Melampyrum sylvaticum","Melampyrum sylvaticum","Melampyrum","Orobanchaceae"
"Vicia cracca","Vicia cracca","Vicia cracca","Vicia","Fabaceae"
"Melampyrum pratense","Melampyrum pratense","Melampyrum pratense","Melampyrum","Orobanchaceae"
"Hieracium vulgatum","Hieracium lachenalii","Hieracium lachenalii","Hieracium","Asteraceae"
"Plantago media","Plantago media","Plantago media","Plantago","Plantaginaceae"
"Capsella bursa-pastoris","Capsella bursa-pastoris","Capsella bursa-pastoris","Capsella","Brassicaceae"
"Myosotis decumbens","Myosotis decumbens","Myosotis decumbens","Myosotis","Boraginaceae"
"Betula pubescens","Betula pubescens","Betula pubescens","Betula","Betulaceae"
"Plantago major","Plantago major","Plantago major","Plantago","Plantaginaceae"
"Plantago lanceolata","Plantago lanceolata","Plantago lanceolata","Plantago","Plantaginaceae"
"Avenula pubescens","Avenula pubescens","Avenula pubescens","Avenula","Poaceae"
"Comastoma tenellum","Comastoma tenellum","Comastoma tenellum","Comastoma","Gentianaceae"
"Galium verum","Galium verum","Galium verum","Galium","Rubiaceae"
"Ranunculus auricomus","Ranunculus auricomus","Ranunculus auricomus","Ranunculus","Ranunculaceae"
"Dactylis glomerata","Dactylis glomerata","Dactylis glomerata","Dactylis","Poaceae"
"Cerastium cerastoides","Cerastium cerastoides","Cerastium cerastoides","Cerastium","Caryophyllaceae"
"Fragaria vesca","Fragaria vesca","Fragaria vesca","Fragaria","Rosaceae"
"Hol.lan",NA,NA,NA,NA
"Nardus stricta","Nardus stricta","Nardus stricta","Nardus","Poaceae"
"Picea abies","Picea abies","Picea abies","Picea","Pinaceae"
"Pinus sylvestris","Pinus sylvestris","Pinus sylvestris","Pinus","Pinaceae"
"Akerplante",NA,NA,NA,NA
"Galium boreale","Galium boreale","Galium boreale","Galium","Rubiaceae"
"NID.herb",NA,NA,NA,NA
"Viscaria vulgaris","Viscaria vulgaris","Viscaria vulgaris","Viscaria","Caryophyllaceae"
"Hieracium umbellatum","Hieracium umbellatum","Hieracium umbellatum","Hieracium","Asteraceae"
"Hypochaeris maculata","Hypochaeris maculata","Hypochaeris maculata","Hypochaeris","Asteraceae"
"Potentilla argentea","Potentilla argentea","Potentilla argentea","Potentilla","Rosaceae"
"Stellaria media","Stellaria media","Stellaria media","Stellaria","Caryophyllaceae"
"Galium uliginosum","Galium uliginosum","Galium uliginosum","Galium","Rubiaceae"
"Festuca vivipara","Festuca vivipara","Festuca vivipara","Festuca","Poaceae"
"Juncus trifidus","Oreojuncus trifidus","Oreojuncus trifidus","Oreojuncus","Juncaceae"
"Tofieldia pusilla","Tofieldia pusilla","Tofieldia pusilla","Tofieldia","Tofieldiaceae"
"Betula nana","Betula nana","Betula nana","Betula","Betulaceae"
"Pinguicula vulgaris","Pinguicula vulgaris","Pinguicula vulgaris","Pinguicula","Lentibulariaceae"
"Dia.med","Dianthus meducensis","Dianthus meducensis","Dianthus","Caryophyllaceae"
"Cerastium sp","Cerastium",NA,"Cerastium","Caryophyllaceae"
"Cerastium sp??","Cerastium",NA,"Cerastium","Caryophyllaceae"
"Galium saxatile","Galium saxatile","Galium saxatile","Galium","Rubiaceae"
"Viola palustris","Viola palustris","Viola palustris","Viola","Violaceae"
"Vaccinium uliginosum","Vaccinium uliginosum","Vaccinium uliginosum","Vaccinium","Ericaceae"
"Carex leporina","Carex leporina","Carex leporina","Carex","Cyperaceae"
"Ranunculus repens","Ranunculus repens","Ranunculus repens","Ranunculus","Ranunculaceae"
"Calluna vulgaris","Calluna vulgaris","Calluna vulgaris","Calluna","Ericaceae"
"Rubus idaeus","Rubus idaeus","Rubus idaeus","Rubus","Rosaceae"
"Valeriana sambucifolia","Valeriana excelsa","Valeriana excelsa","Valeriana","Caprifoliaceae"
"Solidago virgaurea","Solidago virgaurea","Solidago virgaurea","Solidago","Asteraceae"
"Hieracium sp.","Hieracium",NA,"Hieracium","Asteraceae"
"Hieracium alpinum","Hieracium alpinum","Hieracium alpinum","Hieracium","Asteraceae"
"Rhodiola rosea","Rhodiola rosea","Rhodiola rosea","Rhodiola","Crassulaceae"
"Salix reticulata","Salix reticulata","Salix reticulata","Salix","Salicaceae"
"Salix sp.","Salix",NA,"Salix","Salicaceae"
"Agrostis mertensii","Agrostis mertensii","Agrostis mertensii","Agrostis","Poaceae"
"Bartsia alpina","Bartsia alpina","Bartsia alpina","Bartsia","Orobanchaceae"
"Loiseleuria procumbens","Kalmia procumbens","Kalmia procumbens","Kalmia","Ericaceae"
"Parnassia palustris","Parnassia palustris","Parnassia palustris","Parnassia","Celastraceae"
"Saxifraga oppositifolia","Saxifraga oppositifolia","Saxifraga oppositifolia","Saxifraga","Saxifragaceae"
"Tofieldia calyculata","Tofieldia calyculata","Tofieldia calyculata","Tofieldia","Tofieldiaceae"
"Deschampsia alpina","Deschampsia cespitosa","Deschampsia cespitosa","Deschampsia","Poaceae"
"Arctous alpinus","Arctous alpina","Arctous alpina","Arctous","Ericaceae"
"Carex panicea","Carex panicea","Carex panicea","Carex","Cyperaceae"
"Gentiana purpurea","Gentiana purpurea","Gentiana purpurea","Gentiana","Gentianaceae"
"Oxyria digyna","Oxyria digyna","Oxyria digyna","Oxyria","Polygonaceae"
"Coeloglossum viride","Dactylorhiza viridis","Dactylorhiza viridis","Dactylorhiza","Orchidaceae"
"Oxalis acetosella","Oxalis acetosella","Oxalis acetosella","Oxalis","Oxalidaceae"
"Saxifraga aizoides","Saxifraga aizoides","Saxifraga aizoides","Saxifraga","Saxifragaceae"
"NID.gram",NA,NA,NA,NA
"Carex rupestris","Carex rupestris","Carex rupestris","Carex","Cyperaceae"
"Juniperus communis","Juniperus communis","Juniperus communis","Juniperus","Cupressaceae"
"Gymnocarpium dryopteris","Gymnocarpium dryopteris","Gymnocarpium dryopteris","Gymnocarpium","Cystopteridaceae"
"Dryas octopetala","Dryas octopetala","Dryas octopetala","Dryas","Rosaceae"
"Anemone nemorosa","Anemonoides altaica","Anemonoides altaica","Anemonoides","Ranunculaceae"
"Cirsium palustre","Cirsium palustre","Cirsium palustre","Cirsium","Asteraceae"
"Dryopteris sp.","Dryopteris",NA,"Dryopteris","Dryopteridaceae"
"Dianthus lanceolata!?!","Dianthus lanceolatus","Dianthus lanceolatus","Dianthus","Caryophyllaceae"
"Viola sp.","Viola",NA,"Viola","Violaceae"
"Oxytropis lapponica","Oxytropis lapponica","Oxytropis lapponica","Oxytropis","Fabaceae"
"Kobresia simpliciuscula","Carex simpliciuscula","Carex simpliciuscula","Carex","Cyperaceae"
"Trichophorum cespitosum","Trichophorum cespitosum","Trichophorum cespitosum","Trichophorum","Cyperaceae"
"Viscaria alpina","Viscaria alpina","Viscaria alpina","Viscaria","Caryophyllaceae"
"Carex pulicaris","Carex pulicaris","Carex pulicaris","Carex","Cyperaceae"
"Trientalis europaea","Lysimachia europaea","Lysimachia europaea","Lysimachia","Primulaceae"
"Aconitum septentrionale","Aconitum septentrionale","Aconitum septentrionale","Aconitum","Ranunculaceae"
"Carex flava","Carex flava","Carex flava","Carex","Cyperaceae"
"Carex saxatilis","Carex saxatilis","Carex saxatilis","Carex","Cyperaceae"
"Equisetum arvense","Equisetum arvense","Equisetum arvense","Equisetum","Equisetaceae"
"Juncus alpinoarticulatus","Juncus alpinoarticulatus","Juncus alpinoarticulatus","Juncus","Juncaceae"
"Poa annua","Poa annua","Poa annua","Poa","Poaceae"
"Huperzia selago","Huperzia selago","Huperzia selago","Huperzia","Lycopodiaceae"
"Epilobium anagallidifolium","Epilobium anagallidifolium","Epilobium anagallidifolium","Epilobium","Onagraceae"
"Omalotheca sylvatica","Omalotheca sylvatica","Omalotheca sylvatica","Omalotheca","Asteraceae"
"Carex echinata","Carex echinata","Carex echinata","Carex","Cyperaceae"
"Sorbus aucuparia","Sorbus aucuparia","Sorbus aucuparia","Sorbus","Rosaceae"
"Carex dioica","Carex dioica","Carex dioica","Carex","Cyperaceae"
"Geum rivale","Geum rivale","Geum rivale","Geum","Rosaceae"
"Geum urbanum","Geum urbanum","Geum urbanum","Geum","Rosaceae"
"Succisa pratensis","Succisa pratensis","Succisa pratensis","Succisa","Caprifoliaceae"
"Ajuga pyramidalis","Ajuga pyramidalis","Ajuga pyramidalis","Ajuga","Lamiaceae"
"Danthonia decumbens","Danthonia decumbens","Danthonia decumbens","Danthonia","Poaceae"
"Saxifraga cespitosa","Saxifraga cespitosa","Saxifraga cespitosa","Saxifraga","Saxifragaceae"
"Agrostis schraderiana","Agrostis schraderiana","Agrostis schraderiana","Agrostis","Poaceae"
"Anthoxanthum alpinum","Anthoxanthum nipponicum","Anthoxanthum nipponicum","Anthoxanthum","Poaceae"
"Arnica montana","Arnica montana","Arnica montana","Arnica","Asteraceae"
"Campanula scheuchzeri","Campanula scheuchzeri","Campanula scheuchzeri","Campanula","Campanulaceae"
"Carex sempervirens","Carex sempervirens","Carex sempervirens","Carex","Cyperaceae"
"Festuca nigrescens","Festuca nigrescens","Festuca nigrescens","Festuca","Poaceae"
"Geum montanum","Geum montanum","Geum montanum","Geum","Rosaceae"
"Homogyne alpina","Homogyne alpina","Homogyne alpina","Homogyne","Asteraceae"
"Luzula sylvatica","Luzula sylvatica","Luzula sylvatica","Luzula","Juncaceae"
"Phleum rhaeticum","Phleum alpinum","Phleum alpinum","Phleum","Poaceae"
"Plantago atrata","Plantago atrata","Plantago atrata","Plantago","Plantaginaceae"
"Potentilla aurea","Potentilla aurea","Potentilla aurea","Potentilla","Rosaceae"
"Ranunculus montanus","Ranunculus montanus","Ranunculus montanus","Ranunculus","Ranunculaceae"
"Solidago virgaurea subsp. minuta","Solidago virgaurea","Solidago virgaurea","Solidago","Asteraceae"
"Trifolium alpinum","Trifolium alpinum","Trifolium alpinum","Trifolium","Fabaceae"
"Alchemilla xanthochlora","Alchemilla xanthochlora","Alchemilla xanthochlora","Alchemilla","Rosaceae"
"Campanula barbata","Campanula barbata","Campanula barbata","Campanula","Campanulaceae"
"Chaerophyllum villarsii","Chaerophyllum villarsii","Chaerophyllum villarsii","Chaerophyllum","Apiaceae"
"Hieracium piloselloides","Pilosella piloselloides","Pilosella piloselloides","Pilosella","Asteraceae"
"Luzula multiflora aggr.","Luzula multiflora","Luzula multiflora","Luzula","Juncaceae"
"Pulsatilla alpina","Pulsatilla alpina","Pulsatilla alpina","Pulsatilla","Ranunculaceae"
"Gentiana acaulis","Gentiana acaulis","Gentiana acaulis","Gentiana","Gentianaceae"
"Luzula campestris","Luzula campestris","Luzula campestris","Luzula","Juncaceae"
"Ligusticum mutellina","Mutellina purpurea","Mutellina purpurea","Mutellina","Apiaceae"
"Luzula alpinopilosa","Luzula alpinopilosa","Luzula alpinopilosa","Luzula","Juncaceae"
"Phleum alpinum subsp. rhaeticum","Phleum alpinum","Phleum alpinum","Phleum","Poaceae"
"Euphrasia minima","Euphrasia minima","Euphrasia minima","Euphrasia","Orobanchaceae"
"Gentiana clusii","Gentiana clusii","Gentiana clusii","Gentiana","Gentianaceae"
"Phyteuma betonicifolium","Phyteuma betonicifolium","Phyteuma betonicifolium","Phyteuma","Campanulaceae"
"Soldanella alpina","Soldanella alpina","Soldanella alpina","Soldanella","Primulaceae"
"Alchemilla conjuncta aggr.","Alchemilla conjuncta","Alchemilla conjuncta","Alchemilla","Rosaceae"
"Gentiana campestris","Gentianella germanica","Gentianella germanica","Gentianella","Gentianaceae"
"Galium anisophyllon","Galium anisophyllon","Galium anisophyllon","Galium","Rubiaceae"
"Leontodon helveticus","Scorzoneroides helvetica","Scorzoneroides helvetica","Scorzoneroides","Asteraceae"
"Hieracium murorum","Hieracium murorum","Hieracium murorum","Hieracium","Asteraceae"
"Polygonum viviparum","Bistorta vivipara","Bistorta vivipara","Bistorta","Polygonaceae"
"Agrostis alpina","Agrostis rupestris","Agrostis rupestris","Agrostis","Poaceae"
"Anthyllis vulneraria","Anthyllis vulneraria","Anthyllis vulneraria","Anthyllis","Fabaceae"
"Astragalus frigidus","Astragalus frigidus","Astragalus frigidus","Astragalus","Fabaceae"
"Biscutella laevigata","Biscutella laevigata","Biscutella laevigata","Biscutella","Brassicaceae"
"Elyna myosuroides","Carex myosuroides","Carex myosuroides","Carex","Cyperaceae"
"Festuca alpina","Festuca alpina","Festuca alpina","Festuca","Poaceae"
"Festuca laevigata aggr.","Festuca laevigata","Festuca laevigata","Festuca","Poaceae"
"Festuca violacea aggr.","Festuca violacea","Festuca violacea","Festuca","Poaceae"
"Hedysarum hedysaroides","Hedysarum hedysaroides","Hedysarum hedysaroides","Hedysarum","Fabaceae"
"Helictotrichon versicolor","Helictotrichon versicolor","Helictotrichon versicolor","Helictotrichon","Poaceae"
"Luzula lutea","Luzula lutea","Luzula lutea","Luzula","Juncaceae"
"Pedicularis verticillata","Pedicularis verticillata","Pedicularis verticillata","Pedicularis","Orobanchaceae"
"Pyrola rotundifolia","Pyrola rotundifolia","Pyrola rotundifolia","Pyrola","Ericaceae"
"Ranunculus alpestris","Ranunculus alpestris","Ranunculus alpestris","Ranunculus","Ranunculaceae"
"Sesleria caerulea","Sesleria caerulea","Sesleria caerulea","Sesleria","Poaceae"
"Vaccinium gaultherioides","Vaccinium uliginosum","Vaccinium uliginosum","Vaccinium","Ericaceae"
"Myosotis alpestris","Myosotis alpestris","Myosotis alpestris","Myosotis","Boraginaceae"
"Salix retusa","Salix retusa","Salix retusa","Salix","Salicaceae"
"biscutella laevigata","Biscutella laevigata","Biscutella laevigata","Biscutella","Brassicaceae"
"Androsace obtusifolia","Androsace obtusifolia","Androsace obtusifolia","Androsace","Primulaceae"
"Astrantia minor","Astrantia minor","Astrantia minor","Astrantia","Apiaceae"
"Festuca melanopsis","Festuca violacea","Festuca violacea","Festuca","Poaceae"
"Aster bellidiastrum","Aster bellidiastrum","Aster bellidiastrum","Aster","Asteraceae"
"Festuca halleri","Festuca halleri","Festuca halleri","Festuca","Poaceae"
"Leontodon hispidus s.str.","Leontodon hispidus","Leontodon hispidus","Leontodon","Asteraceae"
"Ligusticum mutellinoides","Neogaya simplex","Neogaya simplex","Neogaya","Apiaceae"
"Linum alpinum","Linum alpinum","Linum alpinum","Linum","Linaceae"
"Astragalus australis","Astragalus australis","Astragalus australis","Astragalus","Fabaceae"
"Arctostaphylos alpinus","Arctous alpina","Arctous alpina","Arctous","Ericaceae"
"Helianthemum alpestre","Helianthemum oelandicum","Helianthemum oelandicum","Helianthemum","Cistaceae"
"Gnaphalium sylvaticum","Omalotheca sylvatica","Omalotheca sylvatica","Omalotheca","Asteraceae"
"Pulsatilla vernalis","Pulsatilla vernalis","Pulsatilla vernalis","Pulsatilla","Ranunculaceae"
"polygonum viviparum","Bistorta vivipara","Bistorta vivipara","Bistorta","Polygonaceae"
"Ajuga reptans","Ajuga reptans","Ajuga reptans","Ajuga","Lamiaceae"
"Crepis conyzifolia","Crepis conyzifolia","Crepis conyzifolia","Crepis","Asteraceae"
"Cynosurus cristatus","Cynosurus cristatus","Cynosurus cristatus","Cynosurus","Poaceae"
"Euphrasia rostkoviana aggr.","Euphrasia officinalis","Euphrasia officinalis","Euphrasia","Orobanchaceae"
"Genista sagittalis","Genista sagittalis","Genista sagittalis","Genista","Fabaceae"
"Luzula nivea","Luzula nivea","Luzula nivea","Luzula","Juncaceae"
"thymus pulegioides","Thymus pulegioides","Thymus pulegioides","Thymus","Lamiaceae"
"Alchemilla conjuncta","Alchemilla conjuncta","Alchemilla conjuncta","Alchemilla","Rosaceae"
"Asteraceae sp.","Asteraceae",NA,NA,"Asteraceae"
"Cirsium acaule","Cirsium acaule","Cirsium acaule","Cirsium","Asteraceae"
"Knautia dipsacifolia","Knautia dipsacifolia","Knautia dipsacifolia","Knautia","Caprifoliaceae"
"Thymus pulegioides","Thymus pulegioides","Thymus pulegioides","Thymus","Lamiaceae"
"Trifolium campestre","Trifolium campestre","Trifolium campestre","Trifolium","Fabaceae"
"Ranunculus reptans","Ranunculus reptans","Ranunculus reptans","Ranunculus","Ranunculaceae"
"chaerophyllum villarsii","Chaerophyllum villarsii","Chaerophyllum villarsii","Chaerophyllum","Apiaceae"
"Rumex alpestris","Rumex alpestris","Rumex alpestris","Rumex","Polygonaceae"
"Unidentified",NA,NA,NA,NA
"nardus stricta","Nardus stricta","Nardus stricta","Nardus","Poaceae"
"Plantago alpina","Plantago alpina","Plantago alpina","Plantago","Plantaginaceae"
"Chaerophyllum hirsutum","Chaerophyllum hirsutum","Chaerophyllum hirsutum","Chaerophyllum","Apiaceae"
"Polygala vulgaris","Polygala vulgaris","Polygala vulgaris","Polygala","Polygalaceae"
"Centaurea montana","Centaurea montana","Centaurea montana","Centaurea","Asteraceae"
"Pimpinella major","Pimpinella major","Pimpinella major","Pimpinella","Apiaceae"
"Alchemilla vulgaris aggr.","Alchemilla vulgaris","Alchemilla vulgaris","Alchemilla","Rosaceae"
"Bromus erectus","Bromus erectus","Bromus erectus","Bromus","Poaceae"
"Crepis aurea","Crepis aurea","Crepis aurea","Crepis","Asteraceae"
"Gnaphalium sp.","Gnaphalium",NA,"Gnaphalium","Asteraceae"
"Helianthemum nummularium","Helianthemum nummularium","Helianthemum nummularium","Helianthemum","Cistaceae"
"Leontodon hispidus subsp. hispidus","Leontodon hispidus","Leontodon hispidus","Leontodon","Asteraceae"
"Scabiosa lucida","Scabiosa lucida","Scabiosa lucida","Scabiosa","Caprifoliaceae"
"Trifolium thalii","Trifolium thalii","Trifolium thalii","Trifolium","Fabaceae"
"Antennaria carpatica","Antennaria carpatica","Antennaria carpatica","Antennaria","Asteraceae"
"Asteraceae indet","Asteraceae",NA,NA,"Asteraceae"
"Astrantia major","Astrantia major","Astrantia major","Astrantia","Apiaceae"
"Brachypodium pinnatum","Brachypodium pinnatum","Brachypodium pinnatum","Brachypodium","Poaceae"
"Briza media","Briza media","Briza media","Briza","Poaceae"
"Carex flacca","Carex flacca","Carex flacca","Carex","Cyperaceae"
"Centaurea scabiosa","Centaurea scabiosa","Centaurea scabiosa","Centaurea","Asteraceae"
"Crepis pyrenaica","Crepis pyrenaica","Crepis pyrenaica","Crepis","Asteraceae"
"Festuca rubra aggr.","Festuca rubra","Festuca rubra","Festuca","Poaceae"
"Lathyrus pratensis","Lathyrus pratensis","Lathyrus pratensis","Lathyrus","Fabaceae"
"Leontodon hispidus s.str","Leontodon hispidus","Leontodon hispidus","Leontodon","Asteraceae"
"Leontodon hyoseroides","Leontodon hyoseroides","Leontodon hyoseroides","Leontodon","Asteraceae"
"Linum catharticum","Linum catharticum","Linum catharticum","Linum","Linaceae"
"Lolium perenne","Lolium perenne","Lolium perenne","Lolium","Poaceae"
"Poa cf. alpina","Poa alpina","Poa alpina","Poa","Poaceae"
"Poa trivialis","Poa trivialis","Poa trivialis","Poa","Poaceae"
"Ranunculus tuberosus","Ranunculus tuberosus","Ranunculus tuberosus","Ranunculus","Ranunculaceae"
"Sanguisorba minor","Sanguisorba minor","Sanguisorba minor","Sanguisorba","Rosaceae"
"Taraxacum officinale","Taraxacum officinale","Taraxacum officinale","Taraxacum","Asteraceae"
"Arrhenatherum elatius","Arrhenatherum elatius","Arrhenatherum elatius","Arrhenatherum","Poaceae"
"Euphorbia cyparissias","Euphorbia cyparissias","Euphorbia cyparissias","Euphorbia","Euphorbiaceae"
"Festuca pratensis","Festuca ovina","Festuca ovina","Festuca","Poaceae"
"Festuca sp.","Festuca",NA,"Festuca","Poaceae"
"Leontodon hispidus aggr.","Leontodon hispidus","Leontodon hispidus","Leontodon","Asteraceae"
"Picris hieracioides","Picris hieracioides","Picris hieracioides","Picris","Asteraceae"
"Bellis perennis","Bellis perennis","Bellis perennis","Bellis","Asteraceae"
"Gentiana lutea","Gentiana lutea","Gentiana lutea","Gentiana","Gentianaceae"
"Silene ?","Silene",NA,"Silene","Caryophyllaceae"
"Leontodon hispidus subsp. Hispidus","Leontodon hispidus","Leontodon hispidus","Leontodon","Asteraceae"
"Trisetum flavescens","Trisetum flavescens","Trisetum flavescens","Trisetum","Poaceae"
"Lathyrus pratense","Lathyrus pratensis","Lathyrus pratensis","Lathyrus","Fabaceae"
"Arabis ciliata","Arabis ciliata","Arabis ciliata","Arabis","Brassicaceae"
"Gymnadenia conopsea","Gymnadenia conopsea","Gymnadenia conopsea","Gymnadenia","Orchidaceae"
"Phyteuma sp.","Phyteuma",NA,"Phyteuma","Campanulaceae"
"Poa sp.","Poa",NA,"Poa","Poaceae"
"Polygala chamaebuxus","Polygaloides chamaebuxus","Polygaloides chamaebuxus","Polygaloides","Polygalaceae"
"Cerastium arvense","Cerastium arvense","Cerastium arvense","Cerastium","Caryophyllaceae"
"Festuca pratense","Festuca ovina","Festuca ovina","Festuca","Poaceae"
"carex flacca","Carex flacca","Carex flacca","Carex","Cyperaceae"
"leucanthemum vulgare","Leucanthemum vulgare","Leucanthemum vulgare","Leucanthemum","Asteraceae"
"luzula lutea","Luzula lutea","Luzula lutea","Luzula","Juncaceae"
"Anemone narcissiflora","Anemone narcissiflora","Anemone narcissiflora","Anemone","Ranunculaceae"
"Fabaceae sp.","Fabaceae",NA,NA,"Fabaceae"
"Trifolium sp.","Trifolium",NA,"Trifolium","Fabaceae"
"juncus trifidus","Oreojuncus trifidus","Oreojuncus trifidus","Oreojuncus","Juncaceae"
"ligusticum mutellina","Mutellina purpurea","Mutellina purpurea","Mutellina","Apiaceae"
"Leontodon hispidus","Leontodon hispidus","Leontodon hispidus","Leontodon","Asteraceae"
"Lotus alpinus","Lotus alpinus","Lotus alpinus","Lotus","Fabaceae"
"Trifolium pallescens","Trifolium pallescens","Trifolium pallescens","Trifolium","Fabaceae"
"Pyrola minor","Pyrola minor","Pyrola minor","Pyrola","Ericaceae"
"Oxytropis campestris","Oxytropis campestris","Oxytropis campestris","Oxytropis","Fabaceae"
"Poaceae indet.","Poaceae",NA,NA,"Poaceae"
"Viola calcarata","Viola calcarata","Viola calcarata","Viola","Violaceae"
"Gentiana sp.","Gentiana",NA,"Gentiana","Gentianaceae"
"Ranunculus sp.","Ranunculus",NA,"Ranunculus","Ranunculaceae"
"Carlina acaulis","Carlina acaulis","Carlina acaulis","Carlina","Asteraceae"
"Homogyna alpina","Homogyne alpina","Homogyne alpina","Homogyne","Asteraceae"
"Anthyllis vulneraria subsp. alpestris","Anthyllis vulneraria","Anthyllis vulneraria","Anthyllis","Fabaceae"
"Veronica aphylla","Veronica aphylla","Veronica aphylla","Veronica","Plantaginaceae"
"Trifolium badium","Trifolium badium","Trifolium badium","Trifolium","Fabaceae"
"Carex montana","Carex montana","Carex montana","Carex","Cyperaceae"
"Hieracium lachenalli","Hieracium lachenalii","Hieracium lachenalii","Hieracium","Asteraceae"
"Leontodon sp.","Leontodon",NA,"Leontodon","Asteraceae"
"Polygala sp.","Polygala",NA,"Polygala","Polygalaceae"
"Polygala alpestris","Polygala alpestris","Polygala alpestris","Polygala","Polygalaceae"
"Plantafo atrata","Plantago atrata","Plantago atrata","Plantago","Plantaginaceae"
"Thesium alpinum","Thesium alpinum","Thesium alpinum","Thesium","Santalaceae"
"Euphrasia rostkoviana","Euphrasia officinalis","Euphrasia officinalis","Euphrasia","Orobanchaceae"
"Veratrum album","Veratrum album","Veratrum album","Veratrum","Melanthiaceae"
"geranium sylvaticum","Geranium sylvaticum","Geranium sylvaticum","Geranium","Geraniaceae"
"Picris sp.","Picris",NA,"Picris","Asteraceae"
"Cerastium fontanum subsp. vulgare","Cerastium fontanum","Cerastium fontanum","Cerastium","Caryophyllaceae"
"Larix decidua","Larix decidua","Larix decidua","Larix","Pinaceae"
"Trifolium montanum","Trifolium montanum","Trifolium montanum","Trifolium","Fabaceae"
"Anthennaria dioica","Antennaria dioica","Antennaria dioica","Antennaria","Asteraceae"
"Anthennaria carpatica","Antennaria carpatica","Antennaria carpatica","Antennaria","Asteraceae"
"Anthyllis vulneraria subsp. Alpestris","Anthyllis vulneraria","Anthyllis vulneraria","Anthyllis","Fabaceae"
"Aster alpinus","Aster alpinus","Aster alpinus","Aster","Asteraceae"
"Brachypodium pinnatum aggr.","Brachypodium pinnatum","Brachypodium pinnatum","Brachypodium","Poaceae"
"Carex digitata","Carex digitata","Carex digitata","Carex","Cyperaceae"
"Viola reichenbachiana","Viola reichenbachiana","Viola reichenbachiana","Viola","Violaceae"
"Gentiana punctata","Gentiana punctata","Gentiana punctata","Gentiana","Gentianaceae"
"Hieracium lactucella","Pilosella lactucella","Pilosella lactucella","Pilosella","Asteraceae"
"Myosotis sp.","Myosotis",NA,"Myosotis","Boraginaceae"
"Orchidaceae sp.","Orchidaceae",NA,NA,"Orchidaceae"
"cynosurus cristatus","Cynosurus cristatus","Cynosurus cristatus","Cynosurus","Poaceae"
"Ranunculus acris subsp. Friesianus","Ranunculus acris","Ranunculus acris","Ranunculus","Ranunculaceae"
"Arabis hirsuta","Arabis hirsuta","Arabis hirsuta","Arabis","Brassicaceae"
"Primula sp.","Primula",NA,"Primula","Primulaceae"
"Galium anisophylon","Galium anisophyllon","Galium anisophyllon","Galium","Rubiaceae"
"Ligusticum mutelina","Mutellina purpurea","Mutellina purpurea","Mutellina","Apiaceae"
"Potentilla crantzi","Potentilla crantzii","Potentilla crantzii","Potentilla","Rosaceae"
"Veronica persica","Veronica persica","Veronica persica","Veronica","Plantaginaceae"
"Lotus corniculatus aggr.","Lotus corniculatus","Lotus corniculatus","Lotus","Fabaceae"
"silene acaulis","Silene acaulis","Silene acaulis","Silene","Caryophyllaceae"
"Ran. acris subsp. Friesianus","Ranunculus acris","Ranunculus acris","Ranunculus","Ranunculaceae"
"Leontodon hisp. subsp. hispidus","Leontodon hispidus","Leontodon hispidus","Leontodon","Asteraceae"
"Silene sp.","Silene",NA,"Silene","Caryophyllaceae"
"Cerastium fontanum subsp. Vulgare","Cerastium fontanum","Cerastium fontanum","Cerastium","Caryophyllaceae"
"Arenaria serpyllifolia","Arenaria serpyllifolia","Arenaria serpyllifolia","Arenaria","Caryophyllaceae"
"Anthyllis vuln. subsp. Alpestris","Anthyllis vulneraria","Anthyllis vulneraria","Anthyllis","Fabaceae"
"Leontodon his. subsp. Hispidus","Leontodon hispidus","Leontodon hispidus","Leontodon","Asteraceae"
"Anthyllis vuln. subsp. alpestris","Anthyllis vulneraria","Anthyllis vulneraria","Anthyllis","Fabaceae"
"Trollius europaeus","Trollius europaeus","Trollius europaeus","Trollius","Ranunculaceae"
"Chamorchis alpina","Chamorchis alpina","Chamorchis alpina","Chamorchis","Orchidaceae"
"Bartzia alpina","Bartsia alpina","Bartsia alpina","Bartsia","Orobanchaceae"
"Crocus albiflorus","Crocus vernus","Crocus vernus","Crocus","Iridaceae"
"Phyteuma hemisphaericum","Phyteuma hemisphaericum","Phyteuma hemisphaericum","Phyteuma","Campanulaceae"
"Hieracium murrorum aggr.","Hieracium murorum","Hieracium murorum","Hieracium","Asteraceae"
"Cerastium font. subsp. vulgare","Cerastium",NA,"Cerastium","Caryophyllaceae"
"Alchemilla conjuncta nitida","Alchemilla conjuncta","Alchemilla conjuncta","Alchemilla","Rosaceae"
"Alchemilla xanthochlora pratensis","Alchemilla xanthochlora","Alchemilla xanthochlora","Alchemilla","Rosaceae"
"Androsace chamaejasme","Androsace chamaejasme","Androsace chamaejasme","Androsace","Primulaceae"
"Campanula scheuchzerii","Campanula scheuchzeri","Campanula scheuchzeri","Campanula","Campanulaceae"
"Carex caryophyllea","Carex caryophyllea","Carex caryophyllea","Carex","Cyperaceae"
"Carex ornithopoda","Carex ornithopoda","Carex ornithopoda","Carex","Cyperaceae"
"Erigeron neglectus","Erigeron neglectus","Erigeron neglectus","Erigeron","Asteraceae"
"Euphrasia salisburgensis","Euphrasia salisburgensis","Euphrasia salisburgensis","Euphrasia","Orobanchaceae"
"Galium pumilum","Galium pumilum","Galium pumilum","Galium","Rubiaceae"
"Gentiana verna","Gentiana verna","Gentiana verna","Gentiana","Gentianaceae"
"Hippocrepis comosa","Hippocrepis comosa","Hippocrepis comosa","Hippocrepis","Fabaceae"
"Luzula sudetica","Luzula sudetica","Luzula sudetica","Luzula","Juncaceae"
"Primula farinosa","Primula farinosa","Primula farinosa","Primula","Primulaceae"
"Thymus praecox polytrichus","Thymus praecox","Thymus praecox","Thymus","Lamiaceae"
"Festuca quadriflora","Festuca quadriflora","Festuca quadriflora","Festuca","Poaceae"
"Gentiana brachyphylla","Gentiana brachyphylla","Gentiana brachyphylla","Gentiana","Gentianaceae"
"Leucanthemopsis alpina","Leucanthemopsis alpina","Leucanthemopsis alpina","Leucanthemopsis","Asteraceae"
"Minuartia sedoides","Minuartia sedoides","Minuartia sedoides","Minuartia","Caryophyllaceae"
"Minuartia verna","Minuartia verna","Minuartia verna","Minuartia","Caryophyllaceae"
"Primula integrifolia","Primula integrifolia","Primula integrifolia","Primula","Primulaceae"
"Trisetum spicatum","Koeleria spicata","Koeleria spicata","Koeleria","Poaceae"
"Saxifraga paniculata","Saxifraga paniculata","Saxifraga paniculata","Saxifraga","Saxifragaceae"
"Carex parviflora","Carex parviflora","Carex parviflora","Carex","Cyperaceae"
"Draba aizoides","Draba aizoides","Draba aizoides","Draba","Brassicaceae"
"Salix serpyllifolia","Salix serpyllifolia","Salix serpyllifolia","Salix","Salicaceae"
"Lloydia serotina","Gagea serotina","Gagea serotina","Gagea","Liliaceae"
"Daphne striata","Daphne striata","Daphne striata","Daphne","Thymelaeaceae"
"Phyteuma orbiculare","Phyteuma orbiculare","Phyteuma orbiculare","Phyteuma","Campanulaceae"
"Sedum sp.","Sedum",NA,"Sedum","Crassulaceae"
"Helictotrichon pubescens","Helictotrichon pubescens","Helictotrichon pubescens","Helictotrichon","Poaceae"
"Arenaria ciliata","Arenaria ciliata","Arenaria ciliata","Arenaria","Caryophyllaceae"
"Sagina saginoides","Sagina saginoides","Sagina saginoides","Sagina","Caryophyllaceae"
"Colchicum autumnale","Colchicum autumnale","Colchicum autumnale","Colchicum","Colchicaceae"
"Euphrasia rostkoviana montana","Euphrasia officinalis","Euphrasia officinalis","Euphrasia","Orobanchaceae"
"Festuca arundinacea","Scolochloa festucacea","Scolochloa festucacea","Scolochloa","Poaceae"
"Primula veris","Primula veris","Primula veris","Primula","Primulaceae"
"Salvia pratensis","Salvia pratensis","Salvia pratensis","Salvia","Lamiaceae"
"Viola hirta","Viola hirta","Viola hirta","Viola","Violaceae"
"Carduus defloratus","Carduus defloratus","Carduus defloratus","Carduus","Asteraceae"
"Ranunculus bulbosus","Ranunculus bulbosus","Ranunculus bulbosus","Ranunculus","Ranunculaceae"
"Silene nutans","Silene nutans","Silene nutans","Silene","Caryophyllaceae"
"Clinopodium vulgare","Clinopodium vulgare","Clinopodium vulgare","Clinopodium","Lamiaceae"
"Medicago lupulina","Medicago lupulina","Medicago lupulina","Medicago","Fabaceae"
"Acinos alpinus","Acinos alpinus","Acinos alpinus","Acinos","Lamiaceae"
"Daucus carota","Daucus carota","Daucus carota","Daucus","Apiaceae"
"Medicago falcata","Medicago falcata","Medicago falcata","Medicago","Fabaceae"
"Nigritella nigra","Gymnadenia nigra","Gymnadenia nigra","Gymnadenia","Orchidaceae"
"Centaurea jacea","Centaurea jacea","Centaurea jacea","Centaurea","Asteraceae"
"Listera ovata","Neottia ovata","Neottia ovata","Neottia","Orchidaceae"
"Prunella grandiflora","Prunella grandiflora","Prunella grandiflora","Prunella","Lamiaceae"
"Tragopogon pratensis","Tragopogon pratensis","Tragopogon pratensis","Tragopogon","Asteraceae"
"Stachys alpina","Stachys alpina","Stachys alpina","Stachys","Lamiaceae"
"Gentiana tenella","Comastoma tenellum","Comastoma tenellum","Comastoma","Gentianaceae"
"Saxifraga bryoides","Saxifraga bryoides","Saxifraga bryoides","Saxifraga","Saxifragaceae"
"Arenaria multicaulis","Arenaria ciliata","Arenaria ciliata","Arenaria","Caryophyllaceae"
"Festuca RUBRA","Festuca rubra","Festuca rubra","Festuca","Poaceae"
"Pritzelago alpina","Hornungia alpina","Hornungia alpina","Hornungia","Brassicaceae"
"Tragopogon Spitze like Carex","Tragopogon",NA,"Tragopogon","Asteraceae"
"Galium sp.","Galium",NA,"Galium","Rubiaceae"
"Dianthus superbus","Dianthus superbus","Dianthus superbus","Dianthus","Caryophyllaceae"
"Fluffy leave leo like sp.",NA,NA,NA,NA
"Thymus sp.","Thymus",NA,"Thymus","Lamiaceae"
"Echium vulgare","Echium vulgare","Echium vulgare","Echium","Boraginaceae"
"carex caryophyllea","Carex caryophyllea","Carex caryophyllea","Carex","Cyperaceae"
"Campanula rapunculoides","Campanula rapunculoides","Campanula rapunculoides","Campanula","Campanulaceae"
" Alchemilla xanthochlora pratensis","Alchemilla xanthochlora","Alchemilla xanthochlora","Alchemilla","Rosaceae"
"Helictotrichon sp.","Helictotrichon",NA,"Helictotrichon","Poaceae"
"Tragopogon?","Tragopogon",NA,"Tragopogon","Asteraceae"
"Potentilla brauneana","Potentilla brauneana","Potentilla brauneana","Potentilla","Rosaceae"
"plantago lanceolata","Plantago lanceolata","Plantago lanceolata","Plantago","Plantaginaceae"
"Anthoxantum alpinum","Anthoxanthum nipponicum","Anthoxanthum nipponicum","Anthoxanthum","Poaceae"
"Helictotrichon alpinum","Helictochloa pratensis","Helictochloa pratensis","Helictochloa","Poaceae"
"sesleria caerulea","Sesleria caerulea","Sesleria caerulea","Sesleria","Poaceae"
"Hieracium lactucela","Pilosella lactucella","Pilosella lactucella","Pilosella","Asteraceae"
"Androsace chamejasme","Androsace chamaejasme","Androsace chamaejasme","Androsace","Primulaceae"
"Aster-Erigeron Group","Erigeron",NA,"Erigeron","Asteraceae"
"Carex Group","Carex",NA,"Carex","Cyperaceae"
"Festuca Group","Festuca",NA,"Festuca","Poaceae"
"Galium spp.","Galium",NA,"Galium","Rubiaceae"
"Gentiana Group","Gentiana",NA,"Gentiana","Gentianaceae"
"Grass Group","Poaceae",NA,NA,"Poaceae"
"Luzula spp.","Luzula",NA,"Luzula","Juncaceae"
"Thymus spp.","Thymus",NA,"Thymus","Lamiaceae"
"Trifolium spp.","Trifolium",NA,"Trifolium","Fabaceae"
"Euphrasia hirtella","Euphrasia hirtella","Euphrasia hirtella","Euphrasia","Orobanchaceae"
"Gentiana alpestre","Gentiana alpina","Gentiana alpina","Gentiana","Gentianaceae"
"Leontodon Group","Leontodon",NA,"Leontodon","Asteraceae"
"Carlina sp.","Carlina",NA,"Carlina","Asteraceae"
"Leucanthemum adustum","Leucanthemum adustum","Leucanthemum adustum","Leucanthemum","Asteraceae"
"Nigritella spp.","Gymnadenia",NA,"Gymnadenia","Orchidaceae"
"Prunella spp.","Prunella",NA,"Prunella","Lamiaceae"
"Hieracium hoppeanum","Hieracium hoppeanum","Hieracium hoppeanum","Hieracium","Asteraceae"
"Leontodon-Hieracium hoppeanum_UKS",NA,NA,NA,NA
"Phyteuma_UKS","Phyteuma",NA,"Phyteuma","Campanulaceae"
"Saxifraga-Androsace_UKS",NA,NA,NA,NA
"Phyteuma sp._UKS","Phyteuma",NA,"Phyteuma","Campanulaceae"
"Phyteuma-Pirola_UKS",NA,NA,NA,NA
"Fabaceae?_UKS","Fabaceae",NA,NA,"Fabaceae"
"Allium carinatum","Allium carinatum","Allium carinatum","Allium","Amaryllidaceae"
"Veronica teucrium","Veronica teucrium","Veronica teucrium","Veronica","Plantaginaceae"
"Viola collina","Viola collina","Viola collina","Viola","Violaceae"
"Gentiana_UKS","Gentiana",NA,"Gentiana","Gentianaceae"
"Veronica collina","Veronica triphyllos","Veronica triphyllos","Veronica","Plantaginaceae"
"Astragalus spp.","Astragalus",NA,"Astragalus","Fabaceae"
"Ligustinoides_UKS",NA,NA,NA,NA
"Astragallus spp.","Astragalus",NA,"Astragalus","Fabaceae"
"Centaurea spp._UKS",NA,NA,NA,NA
"Silene nut_UKS","Silene nutans","Silene nutans","Silene","Caryophyllaceae"
"Fabaceae Astragallus_UKS","Astragalus",NA,"Astragalus","Fabaceae"
"Weird Cerastium_UKS",NA,NA,NA,NA
"Campanula_weard_UKS","Campanula",NA,"Campanula","Campanulaceae"
"Baby Carlina_UKS","Carlina",NA,"Carlina","Asteraceae"
"Cirsium_UKS","Cirsium",NA,"Cirsium","Asteraceae"
"Pinus spp.","Pinus",NA,"Pinus","Pinaceae"
"Salix_UKS","Salix",NA,"Salix","Salicaceae"
"Carduus Leontodon Like_UKS","Carduus",NA,"Carduus","Asteraceae"
"Phyteuma scabioosidae _UKS","Phyteuma scaposum","Phyteuma scaposum","Phyteuma","Campanulaceae"
"Phyteuma like uks","Phyteuma",NA,"Phyteuma","Campanulaceae"
"Polygala like seedling_UKS","Polygala",NA,"Polygala","Polygalaceae"
"Seedling_UKS",NA,NA,NA,NA
"Carduus seedling_UKS","Carduus",NA,"Carduus","Asteraceae"
"Carlina_UKS","Carlina",NA,"Carlina","Asteraceae"
"Primula like seedling_UKS","Primula",NA,"Primula","Primulaceae"
"Plantago weirdo atrata_UKS","Plantago",NA,"Plantago","Plantaginaceae"
"Euga like_UKS",NA,NA,NA,NA
"Hypericum perforatum","Hypericum perforatum","Hypericum perforatum","Hypericum","Hypericaceae"
"Myosotis like seedling_UKS","Myosotis",NA,"Myosotis","Boraginaceae"
"Petasites like_UKS","Petasites",NA,"Petasites","Asteraceae"
"Rumex like_UKS","Rumex",NA,"Rumex","Polygonaceae"
"Arenaria like_UKS","Arenaria",NA,"Arenaria","Caryophyllaceae"
"Cerastium like_UKS","Cerastium",NA,"Cerastium","Caryophyllaceae"
"Fern",NA,NA,NA,NA
"Carlina like_UKS","Carlina",NA,"Carlina","Asteraceae"
"Phyteuma like_UKS","Phyteuma",NA,"Phyteuma","Campanulaceae"
"Carduus_UKS","Carduus",NA,"Carduus","Asteraceae"
"Polygala like_UKS","Polygala",NA,"Polygala","Polygalaceae"
"Arnica spp.","Arnica",NA,"Arnica","Asteraceae"
"Carlina acaulis type_UKS","Carlina acaulis","Carlina acaulis","Carlina","Asteraceae"
"Ligusticum porteri","Ligusticum porteri","Ligusticum porteri","Ligusticum","Apiaceae"
"Senecio crassulus","Senecio crassulus","Senecio crassulus","Senecio","Asteraceae"
"Hymenoxys hoopesii","Hymenoxys hoopesii","Hymenoxys hoopesii","Hymenoxys","Asteraceae"
"Lupinus sp.","Lupinus",NA,"Lupinus","Fabaceae"
"Valeriana edulis","Valeriana edulis","Valeriana edulis","Valeriana","Caprifoliaceae"
"Poa reflexa","Poa reflexa","Poa reflexa","Poa","Poaceae"
"Bromus carinatus","Bromus carinatus","Bromus carinatus","Bromus","Poaceae"
"Aquilegia caerulea","Aquilegia caerulea","Aquilegia caerulea","Aquilegia","Ranunculaceae"
"Lathyrus lanszwertii","Lathyrus lanszwertii","Lathyrus lanszwertii","Lathyrus","Fabaceae"
"Fuzzy unknown forb",NA,NA,NA,NA
"Agoseris glauca","Agoseris glauca","Agoseris glauca","Agoseris","Asteraceae"
"white mustard silicles","Sinapis alba","Sinapis alba","Sinapis","Brassicaceae"
"unknown seedling",NA,NA,NA,NA
"Stipa nelsonii","Eriocoma nelsonii","Eriocoma nelsonii","Eriocoma","Poaceae"
"unknown grass","Poaceae",NA,NA,"Poaceae"
"Potentilla pulcherrima","Potentilla pulcherrima","Potentilla pulcherrima","Potentilla","Rosaceae"
"Vicia americana","Vicia americana","Vicia americana","Vicia","Fabaceae"
"Linum lewisii","Linum lewisii","Linum lewisii","Linum","Linaceae"
"Erigeron speciosus","Erigeron speciosus","Erigeron speciosus","Erigeron","Asteraceae"
"Helianthella quinquenervis","Helianthella quinquenervis","Helianthella quinquenervis","Helianthella","Asteraceae"
"Heliomeris multiflora","Heliomeris multiflora","Heliomeris multiflora","Heliomeris","Asteraceae"
"Tragopogon dubius","Tragopogon dubius","Tragopogon dubius","Tragopogon","Asteraceae"
"Mertensia fusiformis","Mertensia brevistyla","Mertensia brevistyla","Mertensia","Boraginaceae"
"Melica spectabilis","Melica spectabilis","Melica spectabilis","Melica","Poaceae"
"salty unknown",NA,NA,NA,NA
"green grass indistinct","Poaceae",NA,NA,"Poaceae"
"Elymus repens","Elymus repens","Elymus repens","Elymus","Poaceae"
"Castilleja sulphurea","Castilleja septentrionalis","Castilleja septentrionalis","Castilleja","Orobanchaceae"
"Heterotheca pumila","Heterotheca pumila","Heterotheca pumila","Heterotheca","Asteraceae"
"Fragaria virginiana","Fragaria virginiana","Fragaria virginiana","Fragaria","Rosaceae"
"Senecio fuzzy","Senecio",NA,"Senecio","Asteraceae"
"Androsace septentrionalis","Androsace septentrionalis","Androsace septentrionalis","Androsace","Primulaceae"
"Festuca thurberi","Festuca thurberi","Festuca thurberi","Festuca","Poaceae"
"Carex 2","Carex",NA,"Carex","Cyperaceae"
"Thalictrum fendleri","Thalictrum fendleri","Thalictrum fendleri","Thalictrum","Ranunculaceae"
"Erigeron elatior","Erigeron elatior","Erigeron elatior","Erigeron","Asteraceae"
"Geranium richardsonii","Geranium richardsonii","Geranium richardsonii","Geranium","Geraniaceae"
"Sedum integrifolium","Sedum integrifolium","Sedum integrifolium","Sedum","Crassulaceae"
"Carex 1","Carex",NA,"Carex","Cyperaceae"
"Valeriana capitata","Valeriana capitata","Valeriana capitata","Valeriana","Caprifoliaceae"
"unknown mustard","Brassicaceae",NA,NA,"Brassicaceae"
"Artemisia tridentata","Artemisia tridentata","Artemisia tridentata","Artemisia","Asteraceae"
"Agoseris aurantiaca","Agoseris aurantiaca","Agoseris aurantiaca","Agoseris","Asteraceae"
"Erigeron sp.","Erigeron",NA,"Erigeron","Asteraceae"
"Gentiana parryi","Gentiana parryi","Gentiana parryi","Gentiana","Gentianaceae"
"unknown forb",NA,NA,NA,NA
"Erythronium grandiflorum","Erythronium grandiflorum","Erythronium grandiflorum","Erythronium","Liliaceae"
"Frasera speciosa","Frasera speciosa","Frasera speciosa","Frasera","Gentianaceae"
"Elymus bakeri","Elymus bakeri","Elymus bakeri","Elymus","Poaceae"
"Viola nuttallii","Viola nuttallii","Viola nuttallii","Viola","Violaceae"
"Noccaea fendleri","Noccaea fendleri","Noccaea fendleri","Noccaea","Brassicaceae"
"Atriplex argentea","Atriplex argentea","Atriplex argentea","Atriplex","Amaranthaceae"
"Delphinium nuttallianum","Delphinium nuttallianum","Delphinium nuttallianum","Delphinium","Ranunculaceae"
"Polygonum douglasii","Polygonum douglasii","Polygonum douglasii","Polygonum","Polygonaceae"
"Galium coloradoense","Galium coloradoense","Galium coloradoense","Galium","Rubiaceae"
"Collomia linearis","Collomia linearis","Collomia linearis","Collomia","Polemoniaceae"
"Senecio integerrimus","Senecio integerrimus","Senecio integerrimus","Senecio","Asteraceae"
"Lithophragma glabrum","Lithophragma glabrum","Lithophragma glabrum","Lithophragma","Saxifragaceae"
"Claytonia lanceolata","Claytonia lanceolata","Claytonia lanceolata","Claytonia","Montiaceae"
"Galium bifolium","Galium bifolium","Galium bifolium","Galium","Rubiaceae"
"Unknown seedling",NA,NA,NA,NA
"Boechera stricta","Boechera stricta","Boechera stricta","Boechera","Brassicaceae"
"Hydrophyllum capitatum","Hydrophyllum capitatum","Hydrophyllum capitatum","Hydrophyllum","Boraginaceae"
"Veratrum californicum","Veratrum californicum","Veratrum californicum","Veratrum","Melanthiaceae"
"Draba spectabilis","Draba spectabilis","Draba spectabilis","Draba","Brassicaceae"
"Aphyllon fasciculatum","Orobanche fasciculata","Orobanche fasciculata","Orobanche","Orobanchaceae"
"Symphyotrichum ascendens","Symphyotrichum ascendens","Symphyotrichum ascendens","Symphyotrichum","Asteraceae"
"Ranunculus inamoenus","Ranunculus inamoenus","Ranunculus inamoenus","Ranunculus","Ranunculaceae"
"Achillea_millefolium","Achillea millefolium","Achillea millefolium","Achillea","Asteraceae"
"Elymus_trachycaulus","Elymus violaceus","Elymus violaceus","Elymus","Poaceae"
"Antennaria_microphylla","Antennaria microphylla","Antennaria microphylla","Antennaria","Asteraceae"
"Bromus_carinatus","Bromus carinatus","Bromus carinatus","Bromus","Poaceae"
"Bromus_inermis","Bromus inermis","Bromus inermis","Bromus","Poaceae"
"Calamagrostis_rubescens","Calamagrostis rubescens","Calamagrostis rubescens","Calamagrostis","Poaceae"
"Campanula_rotundifolia","Campanula rotundifolia","Campanula rotundifolia","Campanula","Campanulaceae"
"Carex_geyeri","Carex geyeri","Carex geyeri","Carex","Cyperaceae"
"Cerastium_arvense","Cerastium arvense","Cerastium arvense","Cerastium","Caryophyllaceae"
"Cirsium_arvense","Cirsium arvense","Cirsium arvense","Cirsium","Asteraceae"
"Cynoglossum_officinale","Cynoglossum officinale","Cynoglossum officinale","Cynoglossum","Boraginaceae"
"Dactylis_glomerata","Dactylis glomerata","Dactylis glomerata","Dactylis","Poaceae"
"Dracophaleum","Dracophyllum",NA,"Dracophyllum","Ericaceae"
"Elymus_glaucus","Elymus glaucus","Elymus glaucus","Elymus","Poaceae"
"Eurybia_conspicua","Eurybia conspicua","Eurybia conspicua","Eurybia","Asteraceae"
"Fragaria_virginiana","Fragaria virginiana","Fragaria virginiana","Fragaria","Rosaceae"
"Galium_boreale","Galium boreale","Galium boreale","Galium","Rubiaceae"
"Geranium_viscosissimum","Geranium viscosissimum","Geranium viscosissimum","Geranium","Geraniaceae"
"Geum_sp.",NA,NA,NA,NA
"Goodyera_oblongifolia","Goodyera oblongifolia","Goodyera oblongifolia","Goodyera","Orchidaceae"
"Lupinus_sp.",NA,NA,NA,NA
"Mahonia_repens","Berberis repens","Berberis repens","Berberis","Berberidaceae"
"Minuartia_sp.",NA,NA,NA,NA
"Phleum_pratense","Phleum pratense","Phleum pratense","Phleum","Poaceae"
"Poa_pratensis","Poa pratensis","Poa pratensis","Poa","Poaceae"
"Poa_sp.",NA,NA,NA,NA
"Polygonum_douglasii","Polygonum douglasii","Polygonum douglasii","Polygonum","Polygonaceae"
"Potentilla_glandulosa","Drymocallis glandulosa","Drymocallis glandulosa","Drymocallis","Rosaceae"
"Potentilla_sp.",NA,NA,NA,NA
"Prunella_vulgaris","Prunella vulgaris","Prunella vulgaris","Prunella","Lamiaceae"
"Ribes_sp.",NA,NA,NA,NA
"Rosa_woodsii","Rosa woodsii","Rosa woodsii","Rosa","Rosaceae"
"Symphoricarpos_albus","Symphoricarpos albus","Symphoricarpos albus","Symphoricarpos","Caprifoliaceae"
"Symphyotrichum_ascendens","Symphyotrichum ascendens","Symphyotrichum ascendens","Symphyotrichum","Asteraceae"
"Taraxacum_officinale","Taraxacum officinale","Taraxacum officinale","Taraxacum","Asteraceae"
"Trifolium_hybridum","Trifolium hybridum","Trifolium hybridum","Trifolium","Fabaceae"
"Vaccinium_membranaceum","Vaccinium membranaceum","Vaccinium membranaceum","Vaccinium","Ericaceae"
"Viola_sp.",NA,NA,NA,NA
"Actea_rubra","Actaea rubra","Actaea rubra","Actaea","Ranunculaceae"
"Agoseris_aurantiaca","Agoseris aurantiaca","Agoseris aurantiaca","Agoseris","Asteraceae"
"Agoseris_glauca","Agoseris glauca","Agoseris glauca","Agoseris","Asteraceae"
"Antennaria_racemosa","Antennaria racemosa","Antennaria racemosa","Antennaria","Asteraceae"
"Arnica_cordifolia","Arnica cordifolia","Arnica cordifolia","Arnica","Asteraceae"
"Bromus_porteri","Bromus porteri","Bromus porteri","Bromus","Poaceae"
"Carex_phaeocephala","Carex phaeocephala","Carex phaeocephala","Carex","Cyperaceae"
"Collomia_linearis","Collomia linearis","Collomia linearis","Collomia","Polemoniaceae"
"Draba_nemorosa","Draba nemorosa","Draba nemorosa","Draba","Brassicaceae"
"Ellisia_nyctelea","Ellisia nyctelea","Ellisia nyctelea","Ellisia","Boraginaceae"
"Epilobium_angustifolium","Epilobium angustifolium","Epilobium angustifolium","Epilobium","Onagraceae"
"Erigeron_speciosus","Erigeron speciosus","Erigeron speciosus","Erigeron","Asteraceae"
"Eurybia_integrifolia","Eurybia integrifolia","Eurybia integrifolia","Eurybia","Asteraceae"
"Galium_triflorum","Galium triflorum","Galium triflorum","Galium","Rubiaceae"
"Geranium_richardsonii","Geranium richardsonii","Geranium richardsonii","Geranium","Geraniaceae"
"Hackelia_micrantha","Hackelia micrantha","Hackelia micrantha","Hackelia","Boraginaceae"
"Hieracium_gracile","Hieracium froelichianum","Hieracium froelichianum","Hieracium","Asteraceae"
"Lithophragma_parviflorum","Lithophragma parviflorum","Lithophragma parviflorum","Lithophragma","Saxifragaceae"
"Lupinus_argenteus","Lupinus argenteus","Lupinus argenteus","Lupinus","Fabaceae"
"Medicago_lupulina","Medicago lupulina","Medicago lupulina","Medicago","Fabaceae"
"Micranthes_occidentalis","Micranthes occidentalis","Micranthes occidentalis","Micranthes","Saxifragaceae"
"Microsteris_gracilis","Microsteris gracilis","Microsteris gracilis","Microsteris","Polemoniaceae"
"Noccaea_montana","Noccaea montana","Noccaea montana","Noccaea","Brassicaceae"
"Osmorhiza_chilensis","Osmorhiza chilensis","Osmorhiza chilensis","Osmorhiza","Apiaceae"
"Perideridia_montana","Perideridia montana","Perideridia montana","Perideridia","Apiaceae"
"Potentilla_gracilis","Potentilla gracilis","Potentilla gracilis","Potentilla","Rosaceae"
"Ranunculus_acriformis","Ranunculus acriformis","Ranunculus acriformis","Ranunculus","Ranunculaceae"
"Rudbeckia_occidentalis","Rudbeckia occidentalis","Rudbeckia occidentalis","Rudbeckia","Asteraceae"
"Senecio_corymbosus","Kleinia grandiflora","Kleinia grandiflora","Kleinia","Asteraceae"
"Senecio_crassulus","Senecio crassulus","Senecio crassulus","Senecio","Asteraceae"
"Solidago_multiradiata","Solidago multiradiata","Solidago multiradiata","Solidago","Asteraceae"
"Symphyothricum_sp.",NA,NA,NA,NA
"Thalictrum_occidentale","Thalictrum occidentale","Thalictrum occidentale","Thalictrum","Ranunculaceae"
"Tragopogon_dubius","Tragopogon dubius","Tragopogon dubius","Tragopogon","Asteraceae"
"Trifolium_repens","Trifolium repens","Trifolium repens","Trifolium","Fabaceae"
"Vaccinium_globulare","Vaccinium globulare","Vaccinium globulare","Vaccinium","Ericaceae"
"Viola_adunca","Viola adunca","Viola adunca","Viola","Violaceae"
"Spiraea_betulifolia","Spiraea betulifolia","Spiraea betulifolia","Spiraea","Rosaceae"
"Symphyotrichum_campestre","Symphyotrichum campestre","Symphyotrichum campestre","Symphyotrichum","Asteraceae"
"Antennaria_rosea","Antennaria rosea","Antennaria rosea","Antennaria","Asteraceae"
"Agastache_urticifolia","Agastache urticifolia","Agastache urticifolia","Agastache","Lamiaceae"
"Arnica_latifolia","Arnica latifolia","Arnica latifolia","Arnica","Asteraceae"
"Bromus_tectorum","Bromus tectorum","Bromus tectorum","Bromus","Poaceae"
"Delphinium_occidentale","Delphinium occidentale","Delphinium occidentale","Delphinium","Ranunculaceae"
"Nemophila_breviflora","Nemophila breviflora","Nemophila breviflora","Nemophila","Boraginaceae"
"Thlaspi_arvense","Thlaspi arvense","Thlaspi arvense","Thlaspi","Brassicaceae"
"Iiamna_rivularis","Iliamna rivularis","Iliamna rivularis","Iliamna","Malvaceae"
"Carex_Sp._(not_phas.)",NA,NA,NA,NA
"Geum_Arvense","Geum",NA,"Geum","Rosaceae"
"Thalictrum_sp.",NA,NA,NA,NA
"Lithophragma","Lithophragma",NA,"Lithophragma","Saxifragaceae"
"Rubus_parviflora","Rubus parviflorus","Rubus parviflorus","Rubus","Rosaceae"
"Aster_adscendens","Noticastrum adscendens","Noticastrum adscendens","Noticastrum","Asteraceae"
"Rudebeckia_hirsuta","Rudbeckia hirta","Rudbeckia hirta","Rudbeckia","Asteraceae"
"Stellaria_wide_leaf","Stellaria",NA,"Stellaria","Caryophyllaceae"
"Polygonum_aviculare","Polygonum aviculare","Polygonum aviculare","Polygonum","Polygonaceae"
"Solidago_missouriensis","Solidago missouriensis","Solidago missouriensis","Solidago","Asteraceae"
"Thlaspi_montanum","Noccaea montana","Noccaea montana","Noccaea","Brassicaceae"
"Erythronium_grandiflorum","Erythronium grandiflorum","Erythronium grandiflorum","Erythronium","Liliaceae"
"Vaccinium_scoparium","Vaccinium scoparium","Vaccinium scoparium","Vaccinium","Ericaceae"
"Osmorhiza_berteroi","Osmorhiza berteroi","Osmorhiza berteroi","Osmorhiza","Apiaceae"
"Arnica_angustifolia","Arnica angustifolia","Arnica angustifolia","Arnica","Asteraceae"
"Trisetum_spicatum","Koeleria spicata","Koeleria spicata","Koeleria","Poaceae"
"Epilobium_ciliatum","Epilobium ciliatum","Epilobium ciliatum","Epilobium","Onagraceae"
"Senecio_cymballaria","Packera cymbalaria","Packera cymbalaria","Packera","Asteraceae"
"Allium_brevistylum","Allium brevistylum","Allium brevistylum","Allium","Amaryllidaceae"
"Androsace_occidentalis ","Androsace occidentalis","Androsace occidentalis","Androsace","Primulaceae"
"Helianthella_uniflora","Helianthella uniflora","Helianthella uniflora","Helianthella","Asteraceae"
"Melica_spectabilis","Melica spectabilis","Melica spectabilis","Melica","Poaceae"
"Geum_triflorum","Geum triflorum","Geum triflorum","Geum","Rosaceae"
"Malva_Sp_(big_montane)",NA,NA,NA,NA
"Viola_orbiculata","Viola orbiculata","Viola orbiculata","Viola","Violaceae"
"Aristida purpurea","Aristida purpurea","Aristida purpurea","Aristida","Poaceae"
"Blepharoneuron tricholepsis","Muhlenbergia tricholepis","Muhlenbergia tricholepis","Muhlenbergia","Poaceae"
"Bouteloua gracilis","Bouteloua gracilis","Bouteloua gracilis","Bouteloua","Poaceae"
"Bromus tectorum","Bromus tectorum","Bromus tectorum","Bromus","Poaceae"
"Elymus elymoides","Elymus elymoides","Elymus elymoides","Elymus","Poaceae"
"Muhlenbergia minutissima","Muhlenbergia minutissima","Muhlenbergia minutissima","Muhlenbergia","Poaceae"
"Muhlenbergia montana","Muhlenbergia montana","Muhlenbergia montana","Muhlenbergia","Poaceae"
"Poa compressa","Poa compressa","Poa compressa","Poa","Poaceae"
"Poa nemoralis ssp interior","Poa interior","Poa interior","Poa","Poaceae"
"Schizachyrium scoparium","Schizachyrium scoparium","Schizachyrium scoparium","Schizachyrium","Poaceae"
"unk.grass",NA,NA,NA,NA
"Amaranthus powelli","Amaranthus powellii","Amaranthus powellii","Amaranthus","Amaranthaceae"
"Androsace septrionalis","Androsace septentrionalis","Androsace septentrionalis","Androsace","Primulaceae"
"Anaphalis margaritacea","Anaphalis margaritacea","Anaphalis margaritacea","Anaphalis","Asteraceae"
"Bahia dissecta","Hymenothrix dissecta","Hymenothrix dissecta","Hymenothrix","Asteraceae"
"Chenopodium atrovirens","Chenopodium atrovirens","Chenopodium atrovirens","Chenopodium","Amaranthaceae"
"Chenopodium fremontii","Chenopodium fremontii","Chenopodium fremontii","Chenopodium","Amaranthaceae"
"Chenopodium leptophyllum","Chenopodium leptophyllum","Chenopodium leptophyllum","Chenopodium","Amaranthaceae"
"Chamaesyce maculata","Euphorbia maculata","Euphorbia maculata","Euphorbia","Euphorbiaceae"
"Chamaesyce serpyllifolia","Euphorbia serpillifolia","Euphorbia serpillifolia","Euphorbia","Euphorbiaceae"
"Chamaesyce serulla","Euphorbia serrula","Euphorbia serrula","Euphorbia","Euphorbiaceae"
"Drymaria molluginea","Drymaria molluginea","Drymaria molluginea","Drymaria","Caryophyllaceae"
"Dysphania graveolens","Dysphania incisa","Dysphania incisa","Dysphania","Amaranthaceae"
"Erigeron formosissimus","Erigeron formosissimus","Erigeron formosissimus","Erigeron","Asteraceae"
"Erigeron divergens","Erigeron divergens","Erigeron divergens","Erigeron","Asteraceae"
"Lappula occidentalis","Lappula occidentalis","Lappula occidentalis","Lappula","Boraginaceae"
"Lappula squarrosa","Lappula squarrosa","Lappula squarrosa","Lappula","Boraginaceae"
"Nama dichotomum","Nama dichotoma","Nama dichotoma","Nama","Boraginaceae"
"Oxytropis lambertii","Oxytropis lambertii","Oxytropis lambertii","Oxytropis","Fabaceae"
"Salsola collina","Salsola collina","Salsola collina","Salsola","Amaranthaceae"
"Sphaeralcea ambigua","Sphaeralcea ambigua","Sphaeralcea ambigua","Sphaeralcea","Malvaceae"
"Plantago patagonica","Plantago patagonica","Plantago patagonica","Plantago","Plantaginaceae"
"Stachys byzantina","Stachys byzantina","Stachys byzantina","Stachys","Lamiaceae"
"Townsendia smithii","Townsendia smithii","Townsendia smithii","Townsendia","Asteraceae"
"Verbena macdougallii","Verbena macdougalii","Verbena macdougalii","Verbena","Verbenaceae"
"Verbascum thapsus","Verbascum thapsus","Verbascum thapsus","Verbascum","Scrophulariaceae"
"Xanthisma gracile","Xanthisma gracile","Xanthisma gracile","Xanthisma","Asteraceae"
"unk.forb",NA,NA,NA,NA
"unk.germinant",NA,NA,NA,NA
"Stipa capillacea","Stipa capillacea","Stipa capillacea","Stipa","Poaceae"
"Carex tristachya","Carex tristachya","Carex tristachya","Carex","Cyperaceae"
"Kobresia humilis","Carex alatauensis","Carex alatauensis","Carex","Cyperaceae"
"Aster tataricus","Aster tataricus","Aster tataricus","Aster","Asteraceae"
"Potentilla bifruca","Sibbaldianthe bifurca","Sibbaldianthe bifurca","Sibbaldianthe","Rosaceae"
"Anaphalis xylorrhiza","Anaphalis xylorhiza","Anaphalis xylorhiza","Anaphalis","Asteraceae"
"Potentilla multifida","Potentilla multifida","Potentilla multifida","Potentilla","Rosaceae"
"Potentilla nivea","Potentilla nivea","Potentilla nivea","Potentilla","Rosaceae"
"Kobresia pygmae","Carex parvula","Carex parvula","Carex","Cyperaceae"
"Cyananthus incanus","Cyananthus incanus","Cyananthus incanus","Cyananthus","Campanulaceae"
"Androsace tapete","Androsace tapete","Androsace tapete","Androsace","Primulaceae"
"Oxytropis densa","Oxytropis densa","Oxytropis densa","Oxytropis","Fabaceae"
"Gentiana squarrosa","Gentiana squarrosa","Gentiana squarrosa","Gentiana","Gentianaceae"
"Thalictrum aquilegifolium","Thalictrum aquilegiifolium","Thalictrum aquilegiifolium","Thalictrum","Ranunculaceae"
"Taraxacum mongolicum","Taraxacum mongolicum","Taraxacum mongolicum","Taraxacum","Asteraceae"
"Arenaria kansuensis","Arenaria kansuensis","Arenaria kansuensis","Arenaria","Caryophyllaceae"
"Saussurea ceterach","Saussurea ceterach","Saussurea ceterach","Saussurea","Asteraceae"
"Pleurospermum hookeri","Hymenidium hookeri","Hymenidium hookeri","Hymenidium","Apiaceae"
"Saussurea superba","Saussurea superba","Saussurea superba","Saussurea","Asteraceae"
"Anemone obtusiloba","Anemonastrum polyanthes","Anemonastrum polyanthes","Anemonastrum","Ranunculaceae"
"Stipa capillata","Stipa capillata","Stipa capillata","Stipa","Poaceae"
"Primula tanguticus","Primula tangutica","Primula tangutica","Primula","Primulaceae"
"Stipa aliena","Stipa aliena","Stipa aliena","Stipa","Poaceae"
"Poa sp","Poa",NA,"Poa","Poaceae"
"Leontopodium spp","Leontopodium",NA,"Leontopodium","Asteraceae"
"Stipa purpurea","Stipa purpurea","Stipa purpurea","Stipa","Poaceae"
"Kobresia robusta","Carex sargentiana","Carex sargentiana","Carex","Cyperaceae"
"Euphorbia pekinensis","Euphorbia pekinensis","Euphorbia pekinensis","Euphorbia","Euphorbiaceae"
"Oxytropis glacialis","Oxytropis cinerascens","Oxytropis cinerascens","Oxytropis","Fabaceae"
"Lancea tibetica","Lancea tibetica","Lancea tibetica","Lancea","Mazaceae"
"Polygonaceae","Polygonaceae",NA,NA,"Polygonaceae"
"Asteraceae","Asteraceae",NA,NA,"Asteraceae"
"Androsace mariae","Androsace mariae","Androsace mariae","Androsace","Primulaceae"
"others",NA,NA,NA,NA
"Potentilla cuneata","Potentilla lindleyi","Potentilla lindleyi","Potentilla","Rosaceae"
"Festuca ovina L","Festuca ovina","Festuca ovina","Festuca","Poaceae"
"Rhodiola quadrifida","Rhodiola quadrifida","Rhodiola quadrifida","Rhodiola","Crassulaceae"
"Trollius chinensis","Trollius chinensis","Trollius chinensis","Trollius","Ranunculaceae"
"Leontopodium japonicum","Leontopodium japonicum","Leontopodium japonicum","Leontopodium","Asteraceae"
"Microula sikkimensis","Microula sikkimensis","Microula sikkimensis","Microula","Boraginaceae"
"Euphorbia atracheyi","Euphorbia stracheyi","Euphorbia stracheyi","Euphorbia","Euphorbiaceae"
"Lycoris radiata","Lycoris radiata","Lycoris radiata","Lycoris","Amaryllidaceae"
"Potentilla","Potentilla",NA,"Potentilla","Rosaceae"
"Artemisia hedinii","Artemisia hedinii","Artemisia hedinii","Artemisia","Asteraceae"
"Unknow 4",NA,NA,NA,NA
"Unknow 5",NA,NA,NA,NA
"Unknow 6",NA,NA,NA,NA
"Unknow 7",NA,NA,NA,NA
"Unknow 10",NA,NA,NA,NA
"Eritrichium hemisphaericum","Eritrichium hemisphaericum","Eritrichium hemisphaericum","Eritrichium","Boraginaceae"
"Incarvillea sinensis","Incarvillea sinensis","Incarvillea sinensis","Incarvillea","Bignoniaceae"
"Androsace graminifolia","Androsace graminifolia","Androsace graminifolia","Androsace","Primulaceae"
"Astragalus membranaceus","Astragalus trimestris","Astragalus trimestris","Astragalus","Fabaceae"
"Polygonum macrophyllum","Polygonum macrophyllum","Polygonum macrophyllum","Polygonum","Polygonaceae"
"Youngia simulatrix","Youngia simulatrix","Youngia simulatrix","Youngia","Asteraceae"
"Arenaria roborowskii","Arenaria roborowskii","Arenaria roborowskii","Arenaria","Caryophyllaceae"
"Cyananthus hookeri","Cyananthus hookeri","Cyananthus hookeri","Cyananthus","Campanulaceae"
"Gentiana parvula","Gentiana parvula","Gentiana parvula","Gentiana","Gentianaceae"
"Primula malacoides","Primula malacoides","Primula malacoides","Primula","Primulaceae"
"Euphorbia prolifera","Euphorbia prolifera","Euphorbia prolifera","Euphorbia","Euphorbiaceae"
"Cyanodon dactylon","Cynodon dactylon","Cynodon dactylon","Cynodon","Poaceae"
"Medicago sativa","Medicago sativa","Medicago sativa","Medicago","Fabaceae"
"Viola odorata","Viola odorata","Viola odorata","Viola","Violaceae"
"Convolvulus arvensis","Convolvulus arvensis","Convolvulus arvensis","Convolvulus","Convolvulaceae"
"Conyza canadensis","Erigeron canadensis","Erigeron canadensis","Erigeron","Asteraceae"
"Oxalis acetocella","Oxalis acetosella","Oxalis acetosella","Oxalis","Oxalidaceae"
"Rumex species","Rumex",NA,"Rumex","Polygonaceae"
"Urtica dioca","Urtica dioica","Urtica dioica","Urtica","Urticaceae"
"Conium maculatum","Conium maculatum","Conium maculatum","Conium","Apiaceae"
"Fragaria nibicula","Fragaria nubicola","Fragaria nubicola","Fragaria","Rosaceae"
"Poa pratense","Poa pratensis","Poa pratensis","Poa","Poaceae"
"Convolvulus aisrvensis","Convolvulus arvensis","Convolvulus arvensis","Convolvulus","Convolvulaceae"
"Ranunculus arvensis","Ranunculus arvensis","Ranunculus arvensis","Ranunculus","Ranunculaceae"
"Cichorium intybus","Cichorium intybus","Cichorium intybus","Cichorium","Asteraceae"
"Haemarocalus fulva",NA,NA,NA,NA
"Achillea millifolium","Achillea millefolium","Achillea millefolium","Achillea","Asteraceae"
"Cynodon dactylon","Cynodon dactylon","Cynodon dactylon","Cynodon","Poaceae"
"Fragaria sp.","Fragaria",NA,"Fragaria","Rosaceae"
"Sisymbrium looseli","Sisymbrium loeselii","Sisymbrium loeselii","Sisymbrium","Brassicaceae"
"Pinus sp.","Pinus",NA,"Pinus","Pinaceae"
"Galium aparine","Galium aparine","Galium aparine","Galium","Rubiaceae"
"Lecanthemum vulgare","Leucanthemum vulgare","Leucanthemum vulgare","Leucanthemum","Asteraceae"
"Hordeum sp.","Hordeum",NA,"Hordeum","Poaceae"
"Rubus sp.","Rubus",NA,"Rubus","Rosaceae"
"Conyza sumatrensis","Erigeron sumatrensis","Erigeron sumatrensis","Erigeron","Asteraceae"
"Asparagus officinale","Asparagus officinalis","Asparagus officinalis","Asparagus","Asparagaceae"
"Helianthus anus","Helianthus petiolaris","Helianthus petiolaris","Helianthus","Asteraceae"
"Oxalis corniculata","Oxalis corniculata","Oxalis corniculata","Oxalis","Oxalidaceae"
"Capsella bursa pastoris","Capsella bursa-pastoris","Capsella bursa-pastoris","Capsella","Brassicaceae"
"Rubia cordifolia","Rubia cordifolia","Rubia cordifolia","Rubia","Rubiaceae"
"Trifoilum repens","Trifolium repens","Trifolium repens","Trifolium","Fabaceae"
"Carex spp","Carex",NA,"Carex","Cyperaceae"
"Clinopodium polycephalum","Clinopodium polycephalum","Clinopodium polycephalum","Clinopodium","Lamiaceae"
"Epilobium fangii","Epilobium fangii","Epilobium fangii","Epilobium","Onagraceae"
"Festuca spp","Festuca",NA,"Festuca","Poaceae"
"Geranium pylzowianum","Geranium pylzowianum","Geranium pylzowianum","Geranium","Geraniaceae"
"Juncus leucanthus","Juncus leucanthus","Juncus leucanthus","Juncus","Juncaceae"
"Ligusticum scapiforme","Ligusticopsis scapiformis","Ligusticopsis scapiformis","Ligusticopsis","Apiaceae"
"Oxytropis yunnanensis","Oxytropis yunnanensis","Oxytropis yunnanensis","Oxytropis","Fabaceae"
"Pedicularis sima","Pedicularis sima","Pedicularis sima","Pedicularis","Orobanchaceae"
"Poa spp","Poa",NA,"Poa","Poaceae"
"Polygonum cyanandrum","Polygonum cyanandrum","Polygonum cyanandrum","Polygonum","Polygonaceae"
"Persicaria vivipara","Persicaria vivipara","Persicaria vivipara","Persicaria","Polygonaceae"
"Potentilla leuconota","Potentilla leuconota","Potentilla leuconota","Potentilla","Rosaceae"
"Ranunculus brotherusii var. tanguticus","Ranunculus brotherusii","Ranunculus brotherusii","Ranunculus","Ranunculaceae"
"Saussurea globosa","Saussurea globosa","Saussurea globosa","Saussurea","Asteraceae"
"Veronica szechuanica","Veronica szechuanica","Veronica szechuanica","Veronica","Plantaginaceae"
"Viola biflora var. rockiana","Viola biflora","Viola biflora","Viola","Violaceae"
"Fragaria orientalis","Fragaria orientalis","Fragaria orientalis","Fragaria","Rosaceae"
"Hemiphragma heterophyllum","Hemiphragma heterophyllum","Hemiphragma heterophyllum","Hemiphragma","Plantaginaceae"
"Kobresia pygmaea","Carex parvula","Carex parvula","Carex","Cyperaceae"
"Allium prattii","Allium prattii","Allium prattii","Allium","Amaryllidaceae"
"Hedysarum algidum","Hedysarum algidum","Hedysarum algidum","Hedysarum","Fabaceae"
"Maianthemum japonicum","Maianthemum japonicum","Maianthemum japonicum","Maianthemum","Asparagaceae"
"Agrostis nervosa","Agrostis nervosa","Agrostis nervosa","Agrostis","Poaceae"
"Galearis spathulata","Galearis spathulata","Galearis spathulata","Galearis","Orchidaceae"
"Ligularia pleurocaulis","Ligularia pleurocaulis","Ligularia pleurocaulis","Ligularia","Asteraceae"
"Potentilla stenophylla","Potentilla stenophylla","Potentilla stenophylla","Potentilla","Rosaceae"
"Fargesia spathacea","Fargesia spathacea","Fargesia spathacea","Fargesia","Poaceae"
"Soroseris hookeriana","Soroseris hookeriana","Soroseris hookeriana","Soroseris","Asteraceae"
"Swertia macrosperma","Swertia macrosperma","Swertia macrosperma","Swertia","Gentianaceae"
"Viola szetschwanensis","Viola szetschwanensis","Viola szetschwanensis","Viola","Violaceae"
"Rhodiola yunnanensis","Rhodiola yunnanensis","Rhodiola yunnanensis","Rhodiola","Crassulaceae"
"Cerastium szechuense","Cerastium szechuense","Cerastium szechuense","Cerastium","Caryophyllaceae"
"Gentiana crassuloides","Gentiana crassuloides","Gentiana crassuloides","Gentiana","Gentianaceae"
"Pedicularis mussotii var. lophocentra","Pedicularis mussotii","Pedicularis mussotii","Pedicularis","Orobanchaceae"
"Androsace minor","Androsace minor","Androsace minor","Androsace","Primulaceae"
"Berberis jamesiana","Berberis jamesiana","Berberis jamesiana","Berberis","Berberidaceae"
"Aletris pauciflora","Aletris pauciflora","Aletris pauciflora","Aletris","Nartheciaceae"
"Caltha palustris","Caltha palustris","Caltha palustris","Caltha","Ranunculaceae"
"Kobresia cercostachys","Carex cercostachys","Carex cercostachys","Carex","Cyperaceae"
"Saussurea graminea","Saussurea graminea","Saussurea graminea","Saussurea","Asteraceae"
"Pyrethrum tatsienense","Tanacetum tatsienense","Tanacetum tatsienense","Tanacetum","Asteraceae"
"Parnassia spp","Parnassia",NA,"Parnassia","Celastraceae"
"Plantago asiatica","Plantago asiatica","Plantago asiatica","Plantago","Plantaginaceae"
"Anemone demissa","Anemonastrum demissum","Anemonastrum demissum","Anemonastrum","Ranunculaceae"
"Sibbaldia pentaphylla","Sibbaldia pentaphylla","Sibbaldia pentaphylla","Sibbaldia","Rosaceae"
"Pedicularis rhynchodonta","Pedicularis rhynchodonta","Pedicularis rhynchodonta","Pedicularis","Orobanchaceae"
"Rhododendron websterianum","Rhododendron websterianum","Rhododendron websterianum","Rhododendron","Ericaceae"
"Salix brachista","Salix lindleyana","Salix lindleyana","Salix","Salicaceae"
"Saussurea pachyneura","Saussurea pachyneura","Saussurea pachyneura","Saussurea","Asteraceae"
"Anaphalis flavescens","Anaphalis flavescens","Anaphalis flavescens","Anaphalis","Asteraceae"
"Aster asteroides","Aster asteroides","Aster asteroides","Aster","Asteraceae"
"Chamaesium viridiflorum","Chamaesium viridiflorum","Chamaesium viridiflorum","Chamaesium","Apiaceae"
"Codonopsis foetens","Codonopsis foetens","Codonopsis foetens","Codonopsis","Campanulaceae"
"Rheum pumilum","Rheum pumilum","Rheum pumilum","Rheum","Polygonaceae"
"Juncus prismatocarpus","Juncus prismatocarpus","Juncus prismatocarpus","Juncus","Juncaceae"
"Sagina japonica","Sagina japonica","Sagina japonica","Sagina","Caryophyllaceae"
"Geum aleppicum","Geum aleppicum","Geum aleppicum","Geum","Rosaceae"
"Geranium nepalense","Geranium nepalense","Geranium nepalense","Geranium","Geraniaceae"
"Rumex nepalensis","Rumex nepalensis","Rumex nepalensis","Rumex","Polygonaceae"
"Hypericum wightianum","Hypericum wightianum","Hypericum wightianum","Hypericum","Hypericaceae"
"Juncus allioides","Juncus allioides","Juncus allioides","Juncus","Juncaceae"
"Pedicularis davidii","Pedicularis davidii","Pedicularis davidii","Pedicularis","Orobanchaceae"
"Polygonum runcinatum","Polygonum runcinatum","Polygonum runcinatum","Polygonum","Polygonaceae"
"Carpesium humile","Carpesium humile","Carpesium humile","Carpesium","Asteraceae"
"Galium spp","Galium",NA,"Galium","Rubiaceae"
"Juncus himalensis","Juncus himalensis","Juncus himalensis","Juncus","Juncaceae"
"Artemisia flaccida","Artemisia flaccida","Artemisia flaccida","Artemisia","Asteraceae"
"Malaxis monophyllos","Malaxis monophyllos","Malaxis monophyllos","Malaxis","Orchidaceae"
"Stellaria uliginosa","Stellaria uliginosa","Stellaria uliginosa","Stellaria","Caryophyllaceae"
"Youngia racemifera","Youngia racemifera","Youngia racemifera","Youngia","Asteraceae"
"Halenia corniculata","Halenia corniculata","Halenia corniculata","Halenia","Gentianaceae"
"Anaphalis aureopunctata","Anaphalis aureopunctata","Anaphalis aureopunctata","Anaphalis","Asteraceae"
"Luzula spp","Luzula",NA,"Luzula","Juncaceae"
"Arisaema parvum","Arisaema parvum","Arisaema parvum","Arisaema","Araceae"
"Notholirion bulbuliferum","Notholirion bulbuliferum","Notholirion bulbuliferum","Notholirion","Liliaceae"
"Parasenecio latipes","Parasenecio latipes","Parasenecio latipes","Parasenecio","Asteraceae"
"Polygonatum cirrhifolium","Polygonatum cirrhifolium","Polygonatum cirrhifolium","Polygonatum","Asparagaceae"
"Juncus setchuensis","Juncus setchuensis","Juncus setchuensis","Juncus","Juncaceae"
"Prunella hispida","Prunella vulgaris","Prunella vulgaris","Prunella","Lamiaceae"
"Rhodiola fastigiata","Rhodiola fastigiata","Rhodiola fastigiata","Rhodiola","Crassulaceae"
"Potentilla fruticosa","Dasiphora fruticosa","Dasiphora fruticosa","Dasiphora","Rosaceae"
"Primula serratifolia","Primula serratifolia","Primula serratifolia","Primula","Primulaceae"
"Athyrium subtriangulare","Athyrium spinulosum","Athyrium spinulosum","Athyrium","Aspleniaceae"
"Sedum triactina","Sedum triactina","Sedum triactina","Sedum","Crassulaceae"
"Morina nepalensis","Morina nepalensis","Morina nepalensis","Morina","Caprifoliaceae"
"Euphorbia spp.","Euphorbia",NA,"Euphorbia","Euphorbiaceae"
"Allium sikkimense","Allium sikkimense","Allium sikkimense","Allium","Amaryllidaceae"
"Fargesia spp.","Fargesia",NA,"Fargesia","Poaceae"
"Saussurea stella","Saussurea stella","Saussurea stella","Saussurea","Asteraceae"
"Lomatogonium macranthum","Lomatogonium macranthum","Lomatogonium macranthum","Lomatogonium","Gentianaceae"
"Primula deflexa","Primula deflexa","Primula deflexa","Primula","Primulaceae"
"Myriactis nepalensis","Myriactis nepalensis","Myriactis nepalensis","Myriactis","Asteraceae"
"Gentiana trichotoma","Gentiana trichotoma","Gentiana trichotoma","Gentiana","Gentianaceae"
"Thalictrum javanicum","Thalictrum javanicum","Thalictrum javanicum","Thalictrum","Ranunculaceae"
"Anemone rivularis","Eriocapitella rivularis","Eriocapitella rivularis","Eriocapitella","Ranunculaceae"
"Carex nubigena","Carex nubigena","Carex nubigena","Carex","Cyperaceae"
"Maianthemum henryi","Maianthemum henryi","Maianthemum henryi","Maianthemum","Asparagaceae"
"Carex scabrirostris","Carex scabrirostris","Carex scabrirostris","Carex","Cyperaceae"
"Elymus nutans","Elymus nutans","Elymus nutans","Elymus","Poaceae"
"Euphrasia regelii","Euphrasia regelii","Euphrasia regelii","Euphrasia","Orobanchaceae"
"Gentiana grumii","Gentiana grumii","Gentiana grumii","Gentiana","Gentianaceae"
"Gentiana straminea","Gentiana straminea","Gentiana straminea","Gentiana","Gentianaceae"
"Halerpestes tricuspis","Halerpestes tricuspis","Halerpestes tricuspis","Halerpestes","Ranunculaceae"
"Medicago ruthenica","Medicago ruthenica","Medicago ruthenica","Medicago","Fabaceae"
"Oxytropis deflexa","Oxytropis deflexa","Oxytropis deflexa","Oxytropis","Fabaceae"
"Potentilla anserina","Potentilla anserina","Potentilla anserina","Potentilla","Rosaceae"
"Saussurea pulchra","Saussurea pulchra","Saussurea pulchra","Saussurea","Asteraceae"
"Scirpus distigmaticus","Trichophorum distigmaticum","Trichophorum distigmaticum","Trichophorum","Cyperaceae"
"Pedicularis kansuensis","Pedicularis kansuensis","Pedicularis kansuensis","Pedicularis","Orobanchaceae"
"Allium beesianum","Allium beesianum","Allium beesianum","Allium","Amaryllidaceae"
"Anemone cathayensis","Anemone cathayensis","Anemone cathayensis","Anemone","Ranunculaceae"
"Aster diplostephioides","Aster diplostephioides","Aster diplostephioides","Aster","Asteraceae"
"Oxytropis kansuensis","Oxytropis kansuensis","Oxytropis kansuensis","Oxytropis","Fabaceae"
"Oxytropis ochrocephala","Oxytropis ochrocephala","Oxytropis ochrocephala","Oxytropis","Fabaceae"
"Trollius farreri","Trollius farreri","Trollius farreri","Trollius","Ranunculaceae"
"Ligularia virgaurea","Ligularia virgaurea","Ligularia virgaurea","Ligularia","Asteraceae"
"Cardamine tangutorum","Cardamine tangutorum","Cardamine tangutorum","Cardamine","Brassicaceae"
"Carex atrofusca","Carex atrofusca","Carex atrofusca","Carex","Cyperaceae"
"Glaux maritima","Lysimachia maritima","Lysimachia maritima","Lysimachia","Primulaceae"
"Leontopodium nanum","Leontopodium nanum","Leontopodium nanum","Leontopodium","Asteraceae"
"Saxifraga atrata","Micranthes atrata","Micranthes atrata","Micranthes","Saxifragaceae"
"Gueldenstaedtia diversifolia","Tibetia himalaica","Tibetia himalaica","Tibetia","Fabaceae"
"Koeleria cristata","Rostraria cristata","Rostraria cristata","Rostraria","Poaceae"
"Stellaria umbellata",NA,NA,NA,NA
"Corydalis pallida","Corydalis pallida","Corydalis pallida","Corydalis","Papaveraceae"
"Morina chinensis","Morina chinensis","Morina chinensis","Morina","Caprifoliaceae"
"Iris potaninii","Iris potaninii","Iris potaninii","Iris","Iridaceae"
"Saussurea nigrescens","Saussurea nigrescens","Saussurea nigrescens","Saussurea","Asteraceae"
"Veronica ciliata","Veronica ciliata","Veronica ciliata","Veronica","Plantaginaceae"
"Gentianella Moench","Gentianella",NA,"Gentianella","Gentianaceae"
"Polygonum sibiricum","Polygonum sibiricum","Polygonum sibiricum","Polygonum","Polygonaceae"
"Potentilla bifurca","Sibbaldianthe bifurca","Sibbaldianthe bifurca","Sibbaldianthe","Rosaceae"
"Elsholtzia calycocarpa","Elsholtzia densa","Elsholtzia densa","Elsholtzia","Lamiaceae"
"Elsholtzia ciliata","Elsholtzia ciliata","Elsholtzia ciliata","Elsholtzia","Lamiaceae"
"Agropyron cristatum","Agropyron cristatum","Agropyron cristatum","Agropyron","Poaceae"
"Ranunculus japonicus","Ranunculus japonicus","Ranunculus japonicus","Ranunculus","Ranunculaceae"
"Helictotrichon tibeticum","Helictotrichon tibeticum","Helictotrichon tibeticum","Helictotrichon","Poaceae"
"Ranunculus brotherusii","Ranunculus brotherusii","Ranunculus brotherusii","Ranunculus","Ranunculaceae"
"Thermopsis lanceolata","Thermopsis lanceolata","Thermopsis lanceolata","Thermopsis","Fabaceae"
"Comastoma pulmonarium","Comastoma pulmonarium","Comastoma pulmonarium","Comastoma","Gentianaceae"
"Kobresia capillifolia","Carex capillifolia","Carex capillifolia","Carex","Cyperaceae"
"Gentiana aristata Maxim.","Gentiana aristata","Gentiana aristata","Gentiana","Gentianaceae"
"Saussurea katochaete","Saussurea katochaete","Saussurea katochaete","Saussurea","Asteraceae"
"Gentiana farreri","Gentiana lawrencei","Gentiana lawrencei","Gentiana","Gentianaceae"
"Lomatogonium rotatum","Lomatogonium rotatum","Lomatogonium rotatum","Lomatogonium","Gentianaceae"
"Chrysosplenium pilosum","Chrysosplenium pilosum","Chrysosplenium pilosum","Chrysosplenium","Saxifragaceae"
"Deschampsia caespitosa","Deschampsia cespitosa","Deschampsia cespitosa","Deschampsia","Poaceae"
"Poa alpigena","Poa alpigena","Poa alpigena","Poa","Poaceae"
"Notopterygium incisum","Hansenia weberbaueriana","Hansenia weberbaueriana","Hansenia","Apiaceae"
"Humulus japonicus","Humulus scandens","Humulus scandens","Humulus","Cannabaceae"
"Poa poophagorum","Poa alberti","Poa alberti","Poa","Poaceae"
"Deyeuxia flavens","Calamagrostis tripilifera","Calamagrostis tripilifera","Calamagrostis","Poaceae"
"Gentiana crenulatotruncata","Gentiana prostrata","Gentiana prostrata","Gentiana","Gentianaceae"
"Pomatosace filicula","Pomatosace filicula","Pomatosace filicula","Pomatosace","Primulaceae"
"Gentiana scabra","Gentiana scabra","Gentiana scabra","Gentiana","Gentianaceae"
"Gentiana pudica","Gentiana prostrata","Gentiana prostrata","Gentiana","Gentianaceae"
"Delphinium caeruleum","Delphinium caeruleum","Delphinium caeruleum","Delphinium","Ranunculaceae"
"Ajania przewalskii","Ajania przewalskii","Ajania przewalskii","Ajania","Asteraceae"
"Hippophae rhamnoides","Hippophae rhamnoides","Hippophae rhamnoides","Hippophae","Elaeagnaceae"
"Ligularia sagitta","Ligularia sagitta","Ligularia sagitta","Ligularia","Asteraceae"
"Anaphalis lactea","Anaphalis lactea","Anaphalis lactea","Anaphalis","Asteraceae"
"Carex thibetica","Carex thibetica","Carex thibetica","Carex","Cyperaceae"
"Entire Meconopsis",NA,NA,NA,NA
"Cerastium fontanumsp. triviale","Cerastium fontanum","Cerastium fontanum","Cerastium","Caryophyllaceae"
"Carex kansuensis","Carex kansuensis","Carex kansuensis","Carex","Cyperaceae"
"Poa crymophila","Poa alberti","Poa alberti","Poa","Poaceae"
"Pedicularis reaupinanta","Pedicularis resupinata","Pedicularis resupinata","Pedicularis","Orobanchaceae"
"Carex lehmanii","Carex lehmannii","Carex lehmannii","Carex","Cyperaceae"
"Coluria longifolia","Coluria longifolia","Coluria longifolia","Coluria","Rosaceae"
"Viola philippica","Viola philippica","Viola philippica","Viola","Violaceae"
"Gentianella azurea","Gentianella azurea","Gentianella azurea","Gentianella","Gentianaceae"
"Morina kokonorica","Morina kokonorica","Morina kokonorica","Morina","Caprifoliaceae"
"Saussurea nigrescens Maxim","Saussurea nigrescens","Saussurea nigrescens","Saussurea","Asteraceae"
"Iris tectorum","Iris tectorum","Iris tectorum","Iris","Iridaceae"
"Ptilagrostis dichotoma","Ptilagrostis dichotoma","Ptilagrostis dichotoma","Ptilagrostis","Poaceae"
"Delphinium trichophorum","Delphinium trichophorum","Delphinium trichophorum","Delphinium","Ranunculaceae"
"Euphrasia pectinata","Euphrasia pectinata","Euphrasia pectinata","Euphrasia","Orobanchaceae"
"Notopterygium forbesii","Hansenia forbesii","Hansenia forbesii","Hansenia","Apiaceae"
"Viola verecunda","Viola hamiltoniana","Viola hamiltoniana","Viola","Violaceae"
"Geranium wilfordii","Geranium wilfordii","Geranium wilfordii","Geranium","Geraniaceae"
"Meconopsis horridula","Meconopsis horridula","Meconopsis horridula","Meconopsis","Papaveraceae"
"Stellaria arenaria","Arenaria hispanica","Arenaria hispanica","Arenaria","Caryophyllaceae"
"Alchemilla crinita","Alchemilla crinita","Alchemilla crinita","Alchemilla","Rosaceae"
"Carex ferruginea","Carex ferruginea","Carex ferruginea","Carex","Cyperaceae"
"Carex sylvatica","Carex sylvatica","Carex sylvatica","Carex","Cyperaceae"
"Cerastium holosteoides","Cerastium holosteoides","Cerastium holosteoides","Cerastium","Caryophyllaceae"
"Helictotrichon parlatorei","Helictotrichon parlatorei","Helictotrichon parlatorei","Helictotrichon","Poaceae"
"Poa supina","Poa supina","Poa supina","Poa","Poaceae"
"Rumex arifolius","Rumex arifolius","Rumex arifolius","Rumex","Polygonaceae"
"Veronica chamaedris","Veronica chamaedrys","Veronica chamaedrys","Veronica","Plantaginaceae"
"Cardamine pratensis","Cardamine pratensis","Cardamine pratensis","Cardamine","Brassicaceae"
"Apiaceae spec","Apicaceae",NA,NA,"Apicaceae"
"Bromus inermis","Bromus inermis","Bromus inermis","Bromus","Poaceae"
"Primula elatior","Primula elatior","Primula elatior","Primula","Primulaceae"
"Senecio alpinus","Jacobaea alpina","Jacobaea alpina","Jacobaea","Asteraceae"
"Ranunculus polyanthemos","Ranunculus polyanthemos","Ranunculus polyanthemos","Ranunculus","Ranunculaceae"
"Bromus spec2","Bromus",NA,"Bromus","Poaceae"
"Tragopogon orientalis","Tragopogon orientalis","Tragopogon orientalis","Tragopogon","Asteraceae"
"Bromus spec1","Bromus",NA,"Bromus","Poaceae"
"Stellaria spec","Stellaria",NA,"Stellaria","Caryophyllaceae"
"Myosotis scorpioides","Myosotis scorpioides","Myosotis scorpioides","Myosotis","Boraginaceae"
"Cyperaceae spec","Cyperaceae",NA,NA,"Cyperaceae"
"herb unknown 2",NA,NA,NA,NA
"Euphrasia officinalis","Euphrasia officinalis","Euphrasia officinalis","Euphrasia","Orobanchaceae"
"herb unknown 1",NA,NA,NA,NA
"Alopecurus pratensis","Alopecurus pratensis","Alopecurus pratensis","Alopecurus","Poaceae"
"Heracleum sphondylium","Heracleum sphondylium","Heracleum sphondylium","Heracleum","Apiaceae"
"Leucanthemum ircutianum","Leucanthemum ircutianum","Leucanthemum ircutianum","Leucanthemum","Asteraceae"
"Galium mollugo","Galium mollugo","Galium mollugo","Galium","Rubiaceae"
"Acer pseudoplatanus","Acer pseudoplatanus","Acer pseudoplatanus","Acer","Sapindaceae"
"Crepis spec","Crepis",NA,"Crepis","Asteraceae"
"Holcus lanatus","Holcus lanatus","Holcus lanatus","Holcus","Poaceae"
"Poa spec","Poa",NA,"Poa","Poaceae"
"Festuca spec","Festuca",NA,"Festuca","Poaceae"
"Plantago spec","Plantago",NA,"Plantago","Plantaginaceae"
"Crepis biennis","Crepis biennis","Crepis biennis","Crepis","Asteraceae"
"Agrostis gigantea","Agrostis gigantea","Agrostis gigantea","Agrostis","Poaceae"
"Agrostis stolonifera","Agrostis stolonifera","Agrostis stolonifera","Agrostis","Poaceae"
"Alchemilla monticola","Alchemilla monticola","Alchemilla monticola","Alchemilla","Rosaceae"
"Alchemilla vulgaris","Alchemilla vulgaris","Alchemilla vulgaris","Alchemilla","Rosaceae"
"Barbarea vulgaris","Barbarea vulgaris","Barbarea vulgaris","Barbarea","Brassicaceae"
"Bistorta officinalis","Bistorta officinalis","Bistorta officinalis","Bistorta","Polygonaceae"
"Bromus hordeaceus","Bromus hordeaceus","Bromus hordeaceus","Bromus","Poaceae"
"Cardamine hirsuta","Cardamine hirsuta","Cardamine hirsuta","Cardamine","Brassicaceae"
"Cirsium vulgare","Cirsium vulgare","Cirsium vulgare","Cirsium","Asteraceae"
"Collomia grandiflora","Collomia grandiflora","Collomia grandiflora","Collomia","Polemoniaceae"
"Crocus vernus","Crocus vernus","Crocus vernus","Crocus","Iridaceae"
"Deschampsia flexuosa","Avenella flexuosa","Avenella flexuosa","Avenella","Poaceae"
"Elymus caninus","Elymus caninus","Elymus caninus","Elymus","Poaceae"
"Epilobium obscurum","Epilobium obscurum","Epilobium obscurum","Epilobium","Onagraceae"
"Euphrasia stricta","Euphrasia stricta","Euphrasia stricta","Euphrasia","Orobanchaceae"
"Filipendula ulmaria","Filipendula ulmaria","Filipendula ulmaria","Filipendula","Rosaceae"
"Galium album","Galium album","Galium album","Galium","Rubiaceae"
"Geranium rotundifolium","Geranium rotundifolium","Geranium rotundifolium","Geranium","Geraniaceae"
"Glechoma hederacea","Glechoma hederacea","Glechoma hederacea","Glechoma","Lamiaceae"
"Hypochaeris radicata","Hypochaeris radicata","Hypochaeris radicata","Hypochaeris","Asteraceae"
"Jacobea vulgaris","Jacobaea vulgaris","Jacobaea vulgaris","Jacobaea","Asteraceae"
"Lactuca serriola","Lactuca serriola","Lactuca serriola","Lactuca","Asteraceae"
"Lapsana communis","Lapsana communis","Lapsana communis","Lapsana","Asteraceae"
"Lolium multiflorum","Lolium multiflorum","Lolium multiflorum","Lolium","Poaceae"
"Lychnis flos-cuculi","Silene flos-cuculi","Silene flos-cuculi","Silene","Caryophyllaceae"
"Matricaria chamomilla","Matricaria chamomilla","Matricaria chamomilla","Matricaria","Asteraceae"
"Orchidacea spec",NA,NA,NA,NA
"Papaver rhoeas","Papaver rhoeas","Papaver rhoeas","Papaver","Papaveraceae"
"Persicaria maculosa","Persicaria maculosa","Persicaria maculosa","Persicaria","Polygonaceae"
"Pilosella piloselloides","Pilosella piloselloides","Pilosella piloselloides","Pilosella","Asteraceae"
"Polygonum avicular","Polygonum aviculare","Polygonum aviculare","Polygonum","Polygonaceae"
"Quercus robur","Quercus robur","Quercus robur","Quercus","Fagaceae"
"Rhinanthus angustifolius","Rhinanthus major","Rhinanthus major","Rhinanthus","Orobanchaceae"
"Rumex sanguinea","Rumex sanguineus","Rumex sanguineus","Rumex","Polygonaceae"
"Rumex sanguineus","Rumex sanguineus","Rumex sanguineus","Rumex","Polygonaceae"
"Scorzoneroides helvetica","Scorzoneroides helvetica","Scorzoneroides helvetica","Scorzoneroides","Asteraceae"
"Senecio vulgaris","Senecio vulgaris","Senecio vulgaris","Senecio","Asteraceae"
"Silene dioica","Silene dioica","Silene dioica","Silene","Caryophyllaceae"
"Silene flos-cuculi","Silene flos-cuculi","Silene flos-cuculi","Silene","Caryophyllaceae"
"Silene latifolia","Silene latifolia","Silene latifolia","Silene","Caryophyllaceae"
"Sonchus arvensis","Sonchus arvensis","Sonchus arvensis","Sonchus","Asteraceae"
"Sonchus asper","Sonchus asper","Sonchus asper","Sonchus","Asteraceae"
"Stellaria longifolia","Stellaria longifolia","Stellaria longifolia","Stellaria","Caryophyllaceae"
"Thlaspi arvense","Thlaspi arvense","Thlaspi arvense","Thlaspi","Brassicaceae"
"Tragopodon pratensis","Tragopogon pratensis","Tragopogon pratensis","Tragopogon","Asteraceae"
"Trifolium dubium","Trifolium dubium","Trifolium dubium","Trifolium","Fabaceae"
"Valerianella locusta","Valeriana locusta","Valeriana locusta","Valeriana","Caprifoliaceae"
"Veronica arvensis","Veronica arvensis","Veronica arvensis","Veronica","Plantaginaceae"
"Veronica filiformis","Veronica filiformis","Veronica filiformis","Veronica","Plantaginaceae"
"Veronica hederifolia","Veronica hederifolia","Veronica hederifolia","Veronica","Plantaginaceae"
"Vicia angustifolia","Vicia setifolia","Vicia setifolia","Vicia","Fabaceae"
"Vicia hirsuta","Vicia hirsuta","Vicia hirsuta","Vicia","Fabaceae"
"Vicia sepium","Vicia sepium","Vicia sepium","Vicia","Fabaceae"
"Vicia tetrasperma","Vicia tetrasperma","Vicia tetrasperma","Vicia","Fabaceae"
"Carduus crispus","Carduus crispus","Carduus crispus","Carduus","Asteraceae"
"Carex curvula","Carex curvula","Carex curvula","Carex","Cyperaceae"
"Centaurea nigra","Centaurea nigra","Centaurea nigra","Centaurea","Asteraceae"
"Chenopodium album","Chenopodium album","Chenopodium album","Chenopodium","Amaranthaceae"
"Cirsium oleraceum","Cirsium oleraceum","Cirsium oleraceum","Cirsium","Asteraceae"
"Crepis paludosa","Crepis paludosa","Crepis paludosa","Crepis","Asteraceae"
"Geranium pratense","Geranium pratense","Geranium pratense","Geranium","Geraniaceae"
"Gnaphalium supinum","Gnaphalium supinum","Gnaphalium supinum","Gnaphalium","Asteraceae"
"Hieracium aurantiacum","Pilosella aurantiaca","Pilosella aurantiaca","Pilosella","Asteraceae"
"Luzula alpina","Luzula alpina","Luzula alpina","Luzula","Juncaceae"
"Lysimachia nemorum","Lysimachia nemorum","Lysimachia nemorum","Lysimachia","Primulaceae"
"Mutellina adonidifolia","Mutellina purpurea","Mutellina purpurea","Mutellina","Apiaceae"
"Ranunculus aconitifolius","Ranunculus aconitifolius","Ranunculus aconitifolius","Ranunculus","Ranunculaceae"
"Rhinanthus glacialis","Rhinanthus glacialis","Rhinanthus glacialis","Rhinanthus","Orobanchaceae"
"Veronica montana","Veronica montana","Veronica montana","Veronica","Plantaginaceae"
"Vicia villosa","Vicia villosa","Vicia villosa","Vicia","Fabaceae"
"Poa chaixii","Poa chaixii","Poa chaixii","Poa","Poaceae"
"Polygala alpina","Polygala alpina","Polygala alpina","Polygala","Polygalaceae"
"Potentilla grandiflora","Potentilla grandiflora","Potentilla grandiflora","Potentilla","Rosaceae"
"Rosaceae sp.","Rosaceae",NA,NA,"Rosaceae"
"Veronica allionii","Veronica allionii","Veronica allionii","Veronica","Plantaginaceae"
"Festuca laevigata","Festuca laevigata","Festuca laevigata","Festuca","Poaceae"
"Festuca paniculata","Patzkea paniculata","Patzkea paniculata","Patzkea","Poaceae"
"Luzula nutans","Luzula pediformis","Luzula pediformis","Luzula","Juncaceae"
"Thymus serpyllum","Thymus serpyllum","Thymus serpyllum","Thymus","Lamiaceae"
"Euphorbia sp.","Euphorbia",NA,"Euphorbia","Euphorbiaceae"
"Elytrigia repens","Elymus repens","Elymus repens","Elymus","Poaceae"
"Galeopsis tetrahit","Galeopsis tetrahit","Galeopsis tetrahit","Galeopsis","Lamiaceae"
"Onobrychis montana","Onobrychis montana","Onobrychis montana","Onobrychis","Fabaceae"
"Scorzoneroides pyrenaica","Scorzoneroides pyrenaica","Scorzoneroides pyrenaica","Scorzoneroides","Asteraceae"
"Pilosella officinarum","Pilosella officinarum","Pilosella officinarum","Pilosella","Asteraceae"
"Patzkea paniculata","Patzkea paniculata","Patzkea paniculata","Patzkea","Poaceae"
"Myosotis sylvatica","Myosotis sylvatica","Myosotis sylvatica","Myosotis","Boraginaceae"
"Clinopodium alpinum","Clinopodium alpinum","Clinopodium alpinum","Clinopodium","Lamiaceae"
"Crepis sp.","Crepis",NA,"Crepis","Asteraceae"
"Erigeron annuus","Erigeron annuus","Erigeron annuus","Erigeron","Asteraceae"
"Helictochloa pratensis","Helictochloa pratensis","Helictochloa pratensis","Helictochloa","Poaceae"
"Campanula rhomboidalis","Campanula rhomboidalis","Campanula rhomboidalis","Campanula","Campanulaceae"
"Alchemilla acutiloba","Alchemilla acutiloba","Alchemilla acutiloba","Alchemilla","Rosaceae"
"Veronica praecox","Veronica praecox","Veronica praecox","Veronica","Plantaginaceae"
"Phyteuma scheuchzeri","Phyteuma scheuchzeri","Phyteuma scheuchzeri","Phyteuma","Campanulaceae"
"Hypericum richeri","Hypericum richeri","Hypericum richeri","Hypericum","Hypericaceae"
"Pilosella lactucella","Pilosella lactucella","Pilosella lactucella","Pilosella","Asteraceae"
"Centaurea sp.","Centaurea",NA,"Centaurea","Asteraceae"
"Fallopia convolvulus","Fallopia convolvulus","Fallopia convolvulus","Fallopia","Polygonaceae"
"Alchemilla sp.","Alchemilla",NA,"Alchemilla","Rosaceae"
"Angelica archangelica","Angelica archangelica","Angelica archangelica","Angelica","Apiaceae"
"Calamagrostis lapponica","Calamagrostis lapponica","Calamagrostis lapponica","Calamagrostis","Poaceae"
"Carex biggelowii","Carex bigelowii","Carex bigelowii","Carex","Cyperaceae"
"Carex spec","Carex",NA,"Carex","Cyperaceae"
"Cicerbita alpina","Cicerbita alpina","Cicerbita alpina","Cicerbita","Asteraceae"
"Cryptogramma crispa","Cryptogramma crispa","Cryptogramma crispa","Cryptogramma","Pteridaceae"
"Crystopteris fragilis","Cystopteris fragilis","Cystopteris fragilis","Cystopteris","Cystopteridaceae"
"Epilobium angustifolium","Epilobium angustifolium","Epilobium angustifolium","Epilobium","Onagraceae"
"Epilobium lactiflorum","Epilobium lactiflorum","Epilobium lactiflorum","Epilobium","Onagraceae"
"Equisetum pratense","Equisetum pratense","Equisetum pratense","Equisetum","Equisetaceae"
"Equistum palustre","Equisetum palustre","Equisetum palustre","Equisetum","Equisetaceae"
"Euphrasia frigida ssp. frigida","Euphrasia frigida","Euphrasia frigida","Euphrasia","Orobanchaceae"
"Gnaphalium norvegicum","Omalotheca norvegica","Omalotheca norvegica","Omalotheca","Asteraceae"
"Luzula wahlenberggi","Luzula wahlenbergii","Luzula wahlenbergii","Luzula","Juncaceae"
"Milium effusum","Milium effusum","Milium effusum","Milium","Poaceae"
"Orthilia secunda","Orthilia secunda","Orthilia secunda","Orthilia","Ericaceae"
"Petasites frigidus","Petasites frigidus","Petasites frigidus","Petasites","Asteraceae"
"Poa alp var. Viv","Poa alpigena","Poa alpigena","Poa","Poaceae"
"Poa pra subsp. Alp","Poa alpigena","Poa alpigena","Poa","Poaceae"
"Ranunculus nivalis","Ranunculus nivalis","Ranunculus nivalis","Ranunculus","Ranunculaceae"
"Ranunculus nivali","Ranunculus nivalis","Ranunculus nivalis","Ranunculus","Ranunculaceae"
"Rhodiola roseae","Rhodiola rosea","Rhodiola rosea","Rhodiola","Crassulaceae"
"Rubus chamaemorus","Rubus chamaemorus","Rubus chamaemorus","Rubus","Rosaceae"
"Rubus saxatilis","Rubus saxatilis","Rubus saxatilis","Rubus","Rosaceae"
"Rumex acetosa ssp. acetosa / lapponica","Rumex acetosa","Rumex acetosa","Rumex","Polygonaceae"
"Salix polaris","Salix polaris","Salix polaris","Salix","Salicaceae"
"Saliz polaris","Salix polaris","Salix polaris","Salix","Salicaceae"
"Selaginella selasoroides","Selaginella selaginoides","Selaginella selaginoides","Selaginella","Selaginellaceae"
"Stellaria nemorum","Stellaria nemorum","Stellaria nemorum","Stellaria","Caryophyllaceae"
"Taraxacum spec","Taraxacum",NA,"Taraxacum","Asteraceae"
"Trollius euroaeus","Trollius europaeus","Trollius europaeus","Trollius","Ranunculaceae"
"Vaccinum myrtillus","Vaccinium myrtillus","Vaccinium myrtillus","Vaccinium","Ericaceae"
"Veronica alpina ssp. alpina","Veronica alpina","Veronica alpina","Veronica","Plantaginaceae"
"Alopecurus gerardi","Alopecurus gerardi","Alopecurus gerardi","Alopecurus","Poaceae"
"Androsace vitaliana","Androsace vitaliana","Androsace vitaliana","Androsace","Primulaceae"
"Ranunculus kuepferi","Ranunculus kuepferi","Ranunculus kuepferi","Ranunculus","Ranunculaceae"
"Undetermined",NA,NA,NA,NA
"Alopecurus aequalis","Alopecurus aequalis","Alopecurus aequalis","Alopecurus","Poaceae"
"Bupleurum ranunculoides","Bupleurum ranunculoides","Bupleurum ranunculoides","Bupleurum","Apiaceae"
"Festuca violacea","Festuca violacea","Festuca violacea","Festuca","Poaceae"
"Alchemilla flabellata","Alchemilla flabellata","Alchemilla flabellata","Alchemilla","Rosaceae"
"Hieracium glanduliferum","Hieracium piliferum","Hieracium piliferum","Hieracium","Asteraceae"
"Polypogon viridis","Polypogon viridis","Polypogon viridis","Polypogon","Poaceae"
"Alchemilla pentaphyllea","Alchemilla pentaphyllea","Alchemilla pentaphyllea","Alchemilla","Rosaceae"
"Helictotrichon sedenense","Helictotrichon sedenense","Helictotrichon sedenense","Helictotrichon","Poaceae"
"Sagina glabra","Sagina glabra","Sagina glabra","Sagina","Caryophyllaceae"
"Androsace adfinis","Androsace adfinis","Androsace adfinis","Androsace","Primulaceae"
"Alchemilla fissa","Alchemilla fissa","Alchemilla fissa","Alchemilla","Rosaceae"
"Helictochloa versicolor","Helictochloa versicolor","Helictochloa versicolor","Helictochloa","Poaceae"
"Pilosella sp.","Pilosella",NA,"Pilosella","Asteraceae"
"Agrostis rupestris","Agrostis rupestris","Agrostis rupestris","Agrostis","Poaceae"
"Centaurea uniflora","Centaurea uniflora","Centaurea uniflora","Centaurea","Asteraceae"
"Jacobaea incana","Jacobaea incana","Jacobaea incana","Jacobaea","Asteraceae"
"Lotus sp.","Lotus",NA,"Lotus","Fabaceae"
"Meum athamanticum","Meum athamanticum","Meum athamanticum","Meum","Apiaceae"
"Orchis mascula","Orchis mascula","Orchis mascula","Orchis","Orchidaceae"
"Plantago maritima subsp. serpentina","Plantago maritima","Plantago maritima","Plantago","Plantaginaceae"
"Pulmonaria angustifolia","Pulmonaria angustifolia","Pulmonaria angustifolia","Pulmonaria","Boraginaceae"
"Laserpitium latifolium","Laserpitium latifolium","Laserpitium latifolium","Laserpitium","Apiaceae"
"Leucanthemum sp.","Leucanthemum",NA,"Leucanthemum","Asteraceae"
"Lilium martagon","Lilium martagon","Lilium martagon","Lilium","Liliaceae"
"Senecio doronicum","Senecio doronicum","Senecio doronicum","Senecio","Asteraceae"
"Trifolium alpestre","Trifolium alpestre","Trifolium alpestre","Trifolium","Fabaceae"
"Anemone alpina","Anemonoides baldensis","Anemonoides baldensis","Anemonoides","Ranunculaceae"
"Pedicularis sp.","Pedicularis",NA,"Pedicularis","Orobanchaceae"
"Bromopsis erecta","Bromus erectus","Bromus erectus","Bromus","Poaceae"
"Carex spicata","Carex spicata","Carex spicata","Carex","Cyperaceae"
"Minuartia sp.","Minuartia",NA,"Minuartia","Caryophyllaceae"
"Potentilla sp.","Potentilla",NA,"Potentilla","Rosaceae"
"Hieracium racemosum","Hieracium racemosum","Hieracium racemosum","Hieracium","Asteraceae"
"Pachypleurum mutellinoides","Neogaya simplex","Neogaya simplex","Neogaya","Apiaceae"
"Alchemilla alpigena","Alchemilla alpigena","Alchemilla alpigena","Alchemilla","Rosaceae"
"Carex lachenalii","Carex lachenalii","Carex lachenalii","Carex","Cyperaceae"
"Carduus acanthoides","Carduus acanthoides","Carduus acanthoides","Carduus","Asteraceae"
"Carduus sp.","Carduus",NA,"Carduus","Asteraceae"
"Cirsium sp.","Cirsium",NA,"Cirsium","Asteraceae"
"Laserpitium siler","Siler montanum","Siler montanum","Siler","Apiaceae"
"Ornithogalum umbellatum","Ornithogalum umbellatum","Ornithogalum umbellatum","Ornithogalum","Asparagaceae"
"Paradisea liliastrum","Paradisea liliastrum","Paradisea liliastrum","Paradisea","Asparagaceae"
"Pedicularis comosa","Pedicularis comosa","Pedicularis comosa","Pedicularis","Orobanchaceae"
"Astragalus danicus","Astragalus danicus","Astragalus danicus","Astragalus","Fabaceae"
"Campanula sp.","Campanula",NA,"Campanula","Campanulaceae"
"Leontodon pyrenaicus","Scorzoneroides pyrenaica","Scorzoneroides pyrenaica","Scorzoneroides","Asteraceae"
"Pilosella glacialis","Pilosella glacialis","Pilosella glacialis","Pilosella","Asteraceae"
"Bupleurum falcatum","Bupleurum falcatum","Bupleurum falcatum","Bupleurum","Apiaceae"
"Crepis bocconi",NA,NA,NA,NA
"Bupleurum sp.","Bupleurum",NA,"Bupleurum","Apiaceae"
"Alopecurus alpinus","Alopecurus magellanicus","Alopecurus magellanicus","Alopecurus","Poaceae"
"Lilium sp.","Lilium",NA,"Lilium","Liliaceae"
"Arnica sp.","Arnica",NA,"Arnica","Asteraceae"
"Platanthera bifolia","Platanthera bifolia","Platanthera bifolia","Platanthera","Orchidaceae"
"Carex myosuroides","Carex myosuroides","Carex myosuroides","Carex","Cyperaceae"
"Carex foetida","Carex foetida","Carex foetida","Carex","Cyperaceae"
"Hypericum hirsutum","Hypericum hirsutum","Hypericum hirsutum","Hypericum","Hypericaceae"
"Crepis pontana","Crepis pontana","Crepis pontana","Crepis","Asteraceae"
"Pulmonaria australis","Pulmonaria australis","Pulmonaria australis","Pulmonaria","Boraginaceae"
"Cuscuta epithymum","Cuscuta epithymum","Cuscuta epithymum","Cuscuta","Convolvulaceae"
"Aegopodium podagraria","Aegopodium podagraria","Aegopodium podagraria","Aegopodium","Apiaceae"
"Anthriscus sylvestris","Anthriscus sylvestris","Anthriscus sylvestris","Anthriscus","Apiaceae"
"Geranium pyrenaicum","Geranium pyrenaicum","Geranium pyrenaicum","Geranium","Geraniaceae"
"Homalotrichon pubescens","Avenula pubescens","Avenula pubescens","Avenula","Poaceae"
"Silene dioica ","Silene dioica","Silene dioica","Silene","Caryophyllaceae"
"Taraxacum officinale agg.","Taraxacum officinale","Taraxacum officinale","Taraxacum","Asteraceae"
"Cerastioum holosteoides","Cerastium holosteoides","Cerastium holosteoides","Cerastium","Caryophyllaceae"
"Draba nemorosa","Draba nemorosa","Draba nemorosa","Draba","Brassicaceae"
"Leucanthemum vulgare agg.","Leucanthemum vulgare","Leucanthemum vulgare","Leucanthemum","Asteraceae"
"Centaurea pseudophrygia","Centaurea phrygia","Centaurea phrygia","Centaurea","Asteraceae"
"Festuca rubra agg.","Festuca rubra","Festuca rubra","Festuca","Poaceae"
"Laserpitium halleri","Laserpitium halleri","Laserpitium halleri","Laserpitium","Apiaceae"
"Scorzoneroides autumnalis","Scorzoneroides autumnalis","Scorzoneroides autumnalis","Scorzoneroides","Asteraceae"
"Hieratium pilosella","Pilosella officinarum","Pilosella officinarum","Pilosella","Asteraceae"
